x-axis,1,2
second,Volt,Volt
-7.320000E-03,,
-7.312800E-03,-480.950254E-03,+9.804133E-03
-7.305600E-03,-481.658875E-03,+9.812716E-03
-7.298400E-03,-482.404792E-03,+9.849315E-03
-7.291200E-03,-483.182116E-03,+9.772554E-03
-7.284000E-03,-483.874053E-03,+9.790530E-03
-7.276800E-03,-484.335343E-03,+9.774821E-03
-7.269600E-03,-484.702413E-03,+9.751016E-03
-7.262400E-03,-485.068501E-03,+9.756684E-03
-7.255200E-03,-485.453238E-03,+9.796036E-03
-7.248000E-03,-485.900788E-03,+9.792797E-03
-7.240800E-03,-486.329690E-03,+9.822918E-03
-7.233600E-03,-486.878332E-03,+9.823728E-03
-7.226400E-03,-487.545731E-03,+9.820165E-03
-7.219200E-03,-488.280852E-03,+9.781623E-03
-7.212000E-03,-488.961992E-03,+9.794740E-03
-7.204800E-03,-489.475301E-03,+9.772392E-03
-7.197600E-03,-489.913037E-03,+9.720408E-03
-7.190400E-03,-490.370402E-03,+9.788424E-03
-7.183200E-03,-490.870951E-03,+9.771744E-03
-7.176000E-03,-491.359723E-03,+9.794092E-03
-7.168800E-03,-491.914254E-03,+9.801380E-03
-7.161600E-03,-492.510987E-03,+9.784376E-03
-7.154400E-03,-493.006630E-03,+9.771744E-03
-7.147200E-03,-493.422773E-03,+9.794740E-03
-7.140000E-03,-493.779046E-03,+9.812068E-03
-7.132800E-03,-494.056802E-03,+9.782271E-03
-7.125600E-03,-494.312966E-03,+9.734497E-03
-7.118400E-03,-494.679054E-03,+9.741137E-03
-7.111200E-03,-495.089309E-03,+9.743890E-03
-7.104000E-03,-495.547655E-03,+9.820165E-03
-7.096800E-03,-496.135555E-03,+9.791663E-03
-7.089600E-03,-496.875584E-03,+9.815469E-03
-7.082400E-03,-497.595982E-03,+9.799922E-03
-7.075200E-03,-498.379195E-03,+9.800570E-03
-7.068000E-03,-498.855208E-03,+9.785347E-03
-7.060800E-03,-499.253685E-03,+9.770449E-03
-7.053600E-03,-499.706143E-03,+9.768343E-03
-7.046400E-03,-500.133082E-03,+9.742919E-03
-7.039200E-03,-500.601243E-03,+9.756684E-03
-7.032000E-03,-501.064497E-03,+9.815469E-03
-7.024800E-03,-501.562102E-03,+9.796198E-03
-7.017600E-03,-501.981190E-03,+9.824214E-03
-7.010400E-03,-502.334519E-03,+9.778060E-03
-7.003200E-03,-502.646626E-03,+9.775793E-03
-6.996000E-03,-502.861568E-03,+9.753283E-03
-6.988800E-03,-503.097121E-03,+9.751340E-03
-6.981600E-03,-503.238453E-03,+9.759275E-03
-6.974400E-03,-503.307155E-03,+9.775631E-03
-6.967200E-03,-503.301267E-03,+9.846076E-03
-6.960000E-03,-503.229619E-03,+9.835388E-03
-6.952800E-03,-502.986215E-03,+9.837331E-03
-6.945600E-03,-502.753606E-03,+9.889476E-03
-6.938400E-03,-502.467999E-03,+9.858869E-03
-6.931200E-03,-502.313908E-03,+9.900489E-03
-6.924000E-03,-502.075411E-03,+9.941946E-03
-6.916800E-03,-501.811395E-03,+9.897088E-03
-6.909600E-03,-501.560139E-03,+9.927047E-03
-6.902400E-03,-501.199940E-03,+9.919922E-03
-6.895200E-03,-500.711168E-03,+9.925428E-03
-6.888000E-03,-500.085971E-03,+9.905671E-03
-6.880800E-03,-499.382258E-03,+9.942594E-03
-6.873600E-03,-498.609841E-03,+9.947128E-03
-6.866400E-03,-497.985626E-03,+9.984375E-03
-6.859200E-03,-497.519428E-03,+9.969152E-03
-6.852000E-03,-497.074822E-03,+9.962027E-03
-6.844800E-03,-496.588013E-03,+9.965751E-03
-6.837600E-03,-496.132611E-03,+9.950043E-03
-6.830400E-03,-495.625191E-03,+9.920893E-03
-6.823200E-03,-495.099123E-03,+9.949233E-03
-6.816000E-03,-494.541648E-03,+9.950205E-03
-6.808800E-03,-494.091154E-03,+9.956359E-03
-6.801600E-03,-493.729973E-03,+9.937897E-03
-6.794400E-03,-493.397255E-03,+9.974658E-03
-6.787200E-03,-493.075332E-03,+10.009152E-03
-6.780000E-03,-492.734762E-03,+9.988423E-03
-6.772800E-03,-492.327452E-03,+9.970772E-03
-6.765600E-03,-491.889717E-03,+9.960083E-03
-6.758400E-03,-491.359723E-03,+9.932715E-03
-6.751200E-03,-490.648157E-03,+9.935792E-03
-6.744000E-03,-489.868870E-03,+9.955225E-03
-6.736800E-03,-489.086639E-03,+9.954415E-03
-6.729600E-03,-488.489905E-03,+9.959760E-03
-6.722400E-03,-488.086521E-03,+9.971096E-03
-6.715200E-03,-487.720433E-03,+9.983403E-03
-6.708000E-03,-487.304290E-03,+9.976602E-03
-6.700800E-03,-486.883239E-03,+9.964942E-03
-6.693600E-03,-486.427837E-03,+9.938707E-03
-6.686400E-03,-485.920417E-03,+9.935954E-03
-6.679200E-03,-485.337424E-03,+9.955873E-03
-6.672000E-03,-484.732839E-03,+9.946642E-03
-6.664800E-03,-484.046791E-03,+9.969800E-03
-6.657600E-03,-483.491279E-03,+9.982917E-03
-6.650400E-03,-483.035877E-03,+9.946966E-03
-6.643200E-03,-482.570661E-03,+9.987290E-03
-6.636000E-03,-482.005334E-03,+9.980164E-03
-6.628800E-03,-481.460618E-03,+9.929800E-03
-6.621600E-03,-480.814811E-03,+9.936116E-03
-6.614400E-03,-480.106190E-03,+9.968990E-03
-6.607200E-03,-479.379902E-03,+9.948100E-03
-6.600000E-03,-478.853834E-03,+9.964456E-03
-6.592800E-03,-478.450450E-03,+9.989719E-03
-6.585600E-03,-478.198213E-03,+10.002836E-03
-6.578400E-03,-477.866476E-03,+9.991500E-03
-6.571200E-03,-477.565165E-03,+9.986480E-03
-6.564000E-03,-477.225576E-03,+9.962513E-03
-6.556800E-03,-476.801581E-03,+9.948586E-03
-6.549600E-03,-476.295143E-03,+9.939841E-03
-6.542400E-03,-475.609095E-03,+9.934658E-03
-6.535200E-03,-474.819012E-03,+9.978869E-03
-6.528000E-03,-474.064262E-03,+9.998464E-03
-6.520800E-03,-473.538194E-03,+9.980164E-03
-6.513600E-03,-473.074940E-03,+10.022269E-03
-6.506400E-03,-472.605797E-03,+10.020002E-03
-6.499200E-03,-472.107211E-03,+10.034739E-03
-6.492000E-03,-471.546791E-03,+9.996844E-03
-6.484800E-03,-471.044279E-03,+9.970772E-03
-6.477600E-03,-470.447545E-03,+9.950691E-03
-6.470400E-03,-469.797812E-03,+10.020326E-03
-6.463200E-03,-469.254078E-03,+10.004132E-03
-6.456000E-03,-468.729973E-03,+9.993606E-03
-6.448800E-03,-468.249053E-03,+10.006723E-03
-6.441600E-03,-467.881983E-03,+10.013201E-03
-6.434400E-03,-467.382415E-03,+10.029071E-03
-6.427200E-03,-466.824940E-03,+9.986804E-03
-6.420000E-03,-466.210540E-03,+9.964780E-03
-6.412800E-03,-465.470512E-03,+9.958950E-03
-6.405600E-03,-464.680428E-03,+9.964942E-03
-6.398400E-03,-463.915863E-03,+9.998464E-03
-6.391200E-03,-463.318148E-03,+9.987938E-03
-6.384000E-03,-462.929486E-03,+10.021945E-03
-6.376800E-03,-462.665471E-03,+10.018707E-03
-6.369600E-03,-462.280735E-03,+10.062431E-03
-6.362400E-03,-461.955868E-03,+10.024698E-03
-6.355200E-03,-461.636891E-03,+9.953444E-03
-6.348000E-03,-461.226636E-03,+9.960569E-03
-6.340800E-03,-460.763382E-03,+9.979678E-03
-6.333600E-03,-460.151927E-03,+9.981784E-03
-6.326400E-03,-459.512990E-03,+9.971419E-03
-6.319200E-03,-458.946682E-03,+9.979031E-03
-6.312000E-03,-458.459873E-03,+10.003484E-03
-6.304800E-03,-457.947545E-03,+10.011905E-03
-6.297600E-03,-457.549069E-03,+9.990853E-03
-6.290400E-03,-457.018093E-03,+9.993606E-03
-6.283200E-03,-456.440008E-03,+9.986642E-03
-6.276000E-03,-455.846218E-03,+9.972877E-03
-6.268800E-03,-455.210226E-03,+9.959760E-03
-6.261600E-03,-454.643918E-03,+9.958464E-03
-6.254400E-03,-454.240534E-03,+9.991824E-03
-6.247200E-03,-453.972593E-03,+10.013363E-03
-6.240000E-03,-453.659504E-03,+10.015630E-03
-6.232800E-03,-453.368989E-03,+10.035063E-03
-6.225600E-03,-453.047066E-03,+10.010771E-03
-6.218400E-03,-452.636812E-03,+9.980812E-03
-6.211200E-03,-452.163744E-03,+9.969800E-03
-6.204000E-03,-451.527751E-03,+9.987614E-03
-6.196800E-03,-450.798519E-03,+9.996844E-03
-6.189600E-03,-450.041806E-03,+10.008666E-03
-6.182400E-03,-449.409739E-03,+10.022107E-03
-6.175200E-03,-448.927838E-03,+10.055953E-03
-6.168000E-03,-448.535250E-03,+10.052067E-03
-6.160800E-03,-448.017034E-03,+10.050123E-03
-6.153600E-03,-447.588131E-03,+10.036358E-03
-6.146400E-03,-447.143525E-03,+10.020488E-03
-6.139200E-03,-446.650828E-03,+9.988099E-03
-6.132000E-03,-446.138500E-03,+9.998302E-03
-6.124800E-03,-445.708617E-03,+10.006075E-03
-6.117600E-03,-445.316029E-03,+10.021945E-03
-6.110400E-03,-444.985273E-03,+10.007209E-03
-6.103200E-03,-444.622129E-03,+10.047209E-03
-6.096000E-03,-444.300207E-03,+10.038302E-03
-6.088800E-03,-443.889953E-03,+10.031014E-03
-6.081600E-03,-443.384496E-03,+9.986318E-03
-6.074400E-03,-442.780892E-03,+10.002998E-03
-6.067200E-03,-442.040864E-03,+10.004456E-03
-6.060000E-03,-441.269428E-03,+10.001865E-03
-6.052800E-03,-440.506826E-03,+10.031338E-03
-6.045600E-03,-439.976833E-03,+10.019840E-03
-6.038400E-03,-439.526338E-03,+10.049152E-03
-6.031200E-03,-439.160250E-03,+10.065022E-03
-6.024000E-03,-438.725459E-03,+10.038140E-03
-6.016800E-03,-438.280853E-03,+10.056601E-03
-6.009600E-03,-437.752822E-03,+9.978545E-03
-6.002400E-03,-437.143329E-03,+10.009152E-03
-5.995200E-03,-436.445504E-03,+10.015306E-03
-5.988000E-03,-435.625977E-03,+10.021298E-03
-5.980800E-03,-434.921282E-03,+10.019192E-03
-5.973600E-03,-434.329455E-03,+10.045427E-03
-5.966400E-03,-433.868164E-03,+10.047047E-03
-5.959200E-03,-433.333263E-03,+10.044294E-03
-5.952000E-03,-432.701197E-03,+10.030205E-03
-5.944800E-03,-432.105445E-03,+10.001055E-03
-5.937600E-03,-431.461600E-03,+10.007209E-03
-5.930400E-03,-430.751998E-03,+10.015630E-03
-5.923200E-03,-430.152320E-03,+9.990853E-03
-5.916000E-03,-429.638029E-03,+10.030205E-03
-5.908800E-03,-429.271941E-03,+10.052067E-03
-5.901600E-03,-428.947075E-03,+10.054820E-03
-5.894400E-03,-428.623190E-03,+10.065022E-03
-5.887200E-03,-428.217843E-03,+10.028909E-03
-5.880000E-03,-427.754589E-03,+10.024537E-03
-5.872800E-03,-427.171596E-03,+10.013848E-03
-5.865600E-03,-426.462974E-03,+10.034253E-03
-5.858400E-03,-425.660132E-03,+10.027775E-03
-5.851200E-03,-424.855327E-03,+10.027775E-03
-5.844000E-03,-424.304722E-03,+10.042188E-03
-5.836800E-03,-423.970041E-03,+10.062269E-03
-5.829600E-03,-423.500898E-03,+10.082998E-03
-5.822400E-03,-423.032737E-03,+10.076358E-03
-5.815200E-03,-422.580280E-03,+10.029881E-03
-5.808000E-03,-422.112119E-03,+10.031176E-03
-5.800800E-03,-421.609606E-03,+10.043322E-03
-5.793600E-03,-421.127704E-03,+10.028261E-03
-5.786400E-03,-420.601637E-03,+10.023727E-03
-5.779200E-03,-420.116790E-03,+10.054658E-03
-5.772000E-03,-419.719295E-03,+10.063241E-03
-5.764800E-03,-419.326707E-03,+10.067451E-03
-5.757600E-03,-418.905657E-03,+10.055791E-03
-5.750400E-03,-418.401181E-03,+10.045751E-03
-5.743200E-03,-417.872169E-03,+10.043646E-03
-5.736000E-03,-417.213603E-03,+10.036358E-03
-5.728800E-03,-416.496148E-03,+10.020002E-03
-5.721600E-03,-415.736491E-03,+10.048666E-03
-5.714400E-03,-415.202571E-03,+10.033281E-03
-5.707200E-03,-414.813909E-03,+10.065832E-03
-5.700000E-03,-414.528301E-03,+10.065184E-03
-5.692800E-03,-414.180861E-03,+10.071338E-03
-5.685600E-03,-413.827532E-03,+10.092067E-03
-5.678400E-03,-413.422185E-03,+10.052067E-03
-5.671200E-03,-412.975616E-03,+10.087208E-03
-5.664000E-03,-412.475066E-03,+10.011257E-03
-5.656800E-03,-411.847907E-03,+10.049638E-03
-5.649600E-03,-411.193267E-03,+10.062431E-03
-5.642400E-03,-410.617144E-03,+10.072633E-03
-5.635200E-03,-410.150946E-03,+10.095305E-03
-5.628000E-03,-409.750506E-03,+10.084941E-03
-5.620800E-03,-409.245049E-03,+10.062269E-03
-5.613600E-03,-408.704259E-03,+10.078787E-03
-5.606400E-03,-408.109488E-03,+10.067775E-03
-5.599200E-03,-407.526495E-03,+10.064374E-03
-5.592000E-03,-406.807078E-03,+10.047047E-03
-5.584800E-03,-406.223103E-03,+10.068423E-03
-5.577600E-03,-405.758868E-03,+10.053038E-03
-5.570400E-03,-405.404558E-03,+10.075710E-03
-5.563200E-03,-405.046321E-03,+10.066318E-03
-5.556000E-03,-404.700844E-03,+10.079759E-03
-5.548800E-03,-404.282738E-03,+10.041055E-03
-5.541600E-03,-403.858743E-03,+10.061298E-03
-5.534400E-03,-403.341508E-03,+10.066156E-03
-5.527200E-03,-402.645646E-03,+10.034577E-03
-5.520000E-03,-401.876174E-03,+10.071338E-03
-5.512800E-03,-401.213681E-03,+10.063079E-03
-5.505600E-03,-400.670929E-03,+10.064212E-03
-5.498400E-03,-400.243989E-03,+10.108909E-03
-5.491200E-03,-399.875938E-03,+10.100002E-03
-5.484000E-03,-399.430351E-03,+10.062431E-03
-5.476800E-03,-399.037763E-03,+10.052229E-03
-5.469600E-03,-398.613768E-03,+10.039759E-03
-5.462400E-03,-398.153458E-03,+10.057735E-03
-5.455200E-03,-397.702964E-03,+10.071500E-03
-5.448000E-03,-397.247562E-03,+10.084779E-03
-5.440800E-03,-396.883436E-03,+10.094820E-03
-5.433600E-03,-396.566422E-03,+10.057087E-03
-5.426400E-03,-396.302406E-03,+10.086075E-03
-5.419200E-03,-395.980484E-03,+10.093686E-03
-5.412000E-03,-395.630099E-03,+10.067127E-03
-5.404800E-03,-395.273826E-03,+10.020002E-03
-5.397600E-03,-394.844924E-03,+10.033120E-03
-5.390400E-03,-394.327689E-03,+10.020488E-03
-5.383200E-03,-393.780029E-03,+10.051581E-03
-5.376000E-03,-393.164647E-03,+10.037492E-03
-5.368800E-03,-392.727893E-03,+10.056115E-03
-5.361600E-03,-392.399101E-03,+10.098706E-03
-5.354400E-03,-392.078160E-03,+10.056277E-03
-5.347200E-03,-391.693424E-03,+10.072148E-03
-5.340000E-03,-391.270410E-03,+10.051743E-03
-5.332800E-03,-390.809120E-03,+10.010771E-03
-5.325600E-03,-390.293848E-03,+10.021784E-03
-5.318400E-03,-389.772687E-03,+10.078140E-03
-5.311200E-03,-389.348692E-03,+10.052876E-03
-5.304000E-03,-388.924698E-03,+10.094982E-03
-5.296800E-03,-388.617497E-03,+10.091581E-03
-5.289600E-03,-388.301464E-03,+10.075387E-03
-5.282400E-03,-387.935376E-03,+10.078625E-03
-5.275200E-03,-387.522177E-03,+10.052391E-03
-5.268000E-03,-387.055979E-03,+10.044941E-03
-5.260800E-03,-386.419005E-03,+10.073443E-03
-5.253600E-03,-385.735902E-03,+10.086075E-03
-5.246400E-03,-384.989985E-03,+10.069557E-03
-5.239200E-03,-384.272530E-03,+10.090933E-03
-5.232000E-03,-383.778851E-03,+10.102917E-03
-5.224800E-03,-383.406874E-03,+10.171095E-03
-5.217600E-03,-382.988768E-03,+10.181297E-03
-5.210400E-03,-382.593236E-03,+10.207370E-03
-5.203200E-03,-382.167278E-03,+10.219677E-03
-5.196000E-03,-381.698135E-03,+10.255143E-03
-5.188800E-03,-381.177956E-03,+10.306155E-03
-5.181600E-03,-380.594963E-03,+10.413522E-03
-5.174400E-03,-379.968785E-03,+10.456923E-03
-5.167200E-03,-379.442717E-03,+10.626639E-03
-5.160000E-03,-378.989278E-03,+10.909714E-03
-5.152800E-03,-378.576080E-03,+11.216595E-03
-5.145600E-03,-378.142270E-03,+11.699022E-03
-5.138400E-03,-377.608350E-03,+12.208817E-03
-5.131200E-03,-376.991006E-03,+12.672135E-03
-5.124000E-03,-376.329495E-03,+13.102740E-03
-5.116800E-03,-375.646392E-03,+13.590673E-03
-5.109600E-03,-374.957400E-03,+14.241034E-03
-5.102400E-03,-374.414647E-03,+15.100463E-03
-5.095200E-03,-374.047578E-03,+16.191794E-03
-5.088000E-03,-373.733507E-03,+17.586605E-03
-5.080800E-03,-373.331105E-03,+19.026112E-03
-5.073600E-03,-372.938517E-03,+20.347401E-03
-5.066400E-03,-372.486059E-03,+21.341890E-03
-5.059200E-03,-372.039490E-03,+22.066906E-03
-5.052000E-03,-371.332832E-03,+22.875647E-03
-5.044800E-03,-370.595748E-03,+23.735562E-03
-5.037600E-03,-369.828239E-03,+24.707865E-03
-5.030400E-03,-369.191265E-03,+25.733933E-03
-5.023200E-03,-368.739789E-03,+26.798219E-03
-5.016000E-03,-368.269665E-03,+27.843396E-03
-5.008800E-03,-367.809355E-03,+28.678048E-03
-5.001600E-03,-367.343157E-03,+29.190434E-03
-4.994400E-03,-366.879903E-03,+29.541688E-03
-4.987200E-03,-366.385243E-03,+29.902981E-03
-4.980000E-03,-365.859175E-03,+30.299093E-03
-4.972800E-03,-365.427328E-03,+30.736338E-03
-4.965600E-03,-365.039648E-03,+31.123380E-03
-4.958400E-03,-364.699077E-03,+31.535038E-03
-4.951200E-03,-364.345748E-03,+32.088558E-03
-4.944000E-03,-364.018919E-03,+32.499406E-03
-4.936800E-03,-363.644979E-03,+32.808230E-03
-4.929600E-03,-363.140503E-03,+33.019889E-03
-4.922400E-03,-362.598732E-03,+33.156730E-03
-4.915200E-03,-361.885203E-03,+33.381345E-03
-4.908000E-03,-361.055861E-03,+33.626040E-03
-4.900800E-03,-360.241241E-03,+33.825391E-03
-4.893600E-03,-359.706340E-03,+34.141503E-03
-4.886400E-03,-359.375585E-03,+34.359316E-03
-4.879200E-03,-358.990849E-03,+34.649031E-03
-4.872000E-03,-358.648316E-03,+34.947815E-03
-4.864800E-03,-358.252784E-03,+35.160283E-03
-4.857600E-03,-357.858233E-03,+35.249190E-03
-4.850400E-03,-357.439145E-03,+35.392023E-03
-4.843200E-03,-356.963132E-03,+35.545869E-03
-4.836000E-03,-356.528341E-03,+35.724653E-03
-4.828800E-03,-356.010125E-03,+35.946838E-03
-4.821600E-03,-355.611648E-03,+36.164489E-03
-4.814400E-03,-355.214153E-03,+36.402383E-03
-4.807200E-03,-354.832361E-03,+36.655499E-03
-4.800000E-03,-354.372052E-03,+36.863757E-03
-4.792800E-03,-353.814577E-03,+37.008533E-03
-4.785600E-03,-353.236491E-03,+37.085456E-03
-4.778400E-03,-352.460149E-03,+37.231690E-03
-4.771200E-03,-351.682824E-03,+37.361244E-03
-4.764000E-03,-350.993833E-03,+37.583105E-03
-4.756800E-03,-350.503098E-03,+37.746667E-03
-4.749600E-03,-350.178231E-03,+38.019703E-03
-4.742400E-03,-349.801347E-03,+38.291604E-03
-4.735200E-03,-349.443110E-03,+38.460024E-03
-4.728000E-03,-349.058374E-03,+38.612574E-03
-4.720800E-03,-348.645175E-03,+38.725610E-03
-4.713600E-03,-348.143644E-03,+38.822614E-03
-4.706400E-03,-347.557707E-03,+38.977107E-03
-4.699200E-03,-346.851048E-03,+39.173381E-03
-4.692000E-03,-346.198371E-03,+39.338562E-03
-4.684800E-03,-345.614396E-03,+39.552489E-03
-4.677600E-03,-345.158994E-03,+39.740018E-03
-4.670400E-03,-344.704574E-03,+40.020826E-03
-4.663200E-03,-344.219728E-03,+40.166251E-03
-4.656000E-03,-343.688753E-03,+40.293052E-03
-4.648800E-03,-343.167592E-03,+40.390703E-03
-4.641600E-03,-342.558099E-03,+40.521067E-03
-4.634400E-03,-341.992773E-03,+40.725438E-03
-4.627200E-03,-341.463761E-03,+40.878798E-03
-4.620000E-03,-341.026025E-03,+41.061145E-03
-4.612800E-03,-340.714899E-03,+41.230375E-03
-4.605600E-03,-340.350774E-03,+41.472479E-03
-4.598400E-03,-339.961130E-03,+41.639766E-03
-4.591200E-03,-339.511617E-03,+41.766891E-03
-4.584000E-03,-338.977697E-03,+41.816931E-03
-4.576800E-03,-338.324039E-03,+41.943246E-03
-4.569600E-03,-337.534937E-03,+42.025513E-03
-4.562400E-03,-336.678114E-03,+42.177415E-03
-4.555200E-03,-335.931215E-03,+42.315552E-03
-4.548000E-03,-335.422814E-03,+42.495794E-03
-4.540800E-03,-335.066540E-03,+42.739032E-03
-4.533600E-03,-334.656286E-03,+42.900164E-03
-4.526400E-03,-334.193032E-03,+43.072147E-03
-4.519200E-03,-333.792592E-03,+43.111337E-03
-4.512000E-03,-333.397060E-03,+43.229717E-03
-4.504800E-03,-332.897492E-03,+43.352470E-03
-4.497600E-03,-332.340017E-03,+43.486720E-03
-4.490400E-03,-331.757024E-03,+43.625991E-03
-4.483200E-03,-331.198567E-03,+43.799107E-03
-4.476000E-03,-330.724518E-03,+44.020321E-03
-4.468800E-03,-330.329967E-03,+44.189713E-03
-4.461600E-03,-329.872602E-03,+44.345339E-03
-4.454400E-03,-329.304331E-03,+44.489306E-03
-4.447200E-03,-328.707597E-03,+44.567363E-03
-4.440000E-03,-328.059827E-03,+44.680399E-03
-4.432800E-03,-327.306058E-03,+44.750196E-03
-4.425600E-03,-326.661232E-03,+44.910033E-03
-4.418400E-03,-326.139090E-03,+45.030680E-03
-4.411200E-03,-325.774965E-03,+45.226307E-03
-4.404000E-03,-325.489357E-03,+45.402500E-03
-4.396800E-03,-325.120325E-03,+45.601204E-03
-4.389600E-03,-324.819995E-03,+45.703389E-03
-4.382400E-03,-324.414648E-03,+45.810595E-03
-4.375200E-03,-323.990653E-03,+45.887518E-03
-4.368000E-03,-323.452808E-03,+45.998449E-03
-4.360800E-03,-322.733390E-03,+46.062092E-03
-4.353600E-03,-322.008084E-03,+46.200877E-03
-4.346400E-03,-321.415276E-03,+46.322172E-03
-4.339200E-03,-320.954967E-03,+46.466301E-03
-4.332000E-03,-320.523120E-03,+46.650753E-03
-4.324800E-03,-320.059866E-03,+46.801360E-03
-4.317600E-03,-319.502391E-03,+46.902250E-03
-4.310400E-03,-319.065637E-03,+46.957634E-03
-4.303200E-03,-318.443385E-03,+47.037310E-03
-4.296000E-03,-317.892781E-03,+47.119739E-03
-4.288800E-03,-317.398120E-03,+47.223544E-03
-4.281600E-03,-316.976088E-03,+47.327673E-03
-4.274400E-03,-316.585463E-03,+47.482004E-03
-4.267200E-03,-316.248819E-03,+47.633906E-03
-4.260000E-03,-315.947508E-03,+47.817873E-03
-4.252800E-03,-315.521550E-03,+47.940301E-03
-4.245600E-03,-315.045537E-03,+48.006374E-03
-4.238400E-03,-314.481192E-03,+48.076819E-03
-4.231200E-03,-313.763737E-03,+48.139329E-03
-4.224000E-03,-312.962858E-03,+48.274713E-03
-4.216800E-03,-312.149219E-03,+48.370097E-03
-4.209600E-03,-311.518134E-03,+48.515197E-03
-4.202400E-03,-311.116713E-03,+48.692686E-03
-4.195200E-03,-310.721181E-03,+48.820135E-03
-4.188000E-03,-310.253020E-03,+48.966045E-03
-4.180800E-03,-309.873191E-03,+49.064830E-03
-4.173600E-03,-309.392271E-03,+49.178514E-03
-4.166400E-03,-308.952572E-03,+49.229040E-03
-4.159200E-03,-308.405893E-03,+49.309202E-03
-4.152000E-03,-307.853326E-03,+49.475679E-03
-4.144800E-03,-307.225185E-03,+49.583208E-03
-4.137600E-03,-306.758987E-03,+49.750495E-03
-4.130400E-03,-306.327140E-03,+49.906446E-03
-4.123200E-03,-305.863887E-03,+50.059319E-03
-4.116000E-03,-305.283838E-03,+50.183853E-03
-4.108800E-03,-304.676308E-03,+50.244258E-03
-4.101600E-03,-304.008909E-03,+50.293650E-03
-4.094400E-03,-303.248269E-03,+50.431301E-03
-4.087200E-03,-302.522963E-03,+50.504176E-03
-4.080000E-03,-301.963525E-03,+50.605228E-03
-4.072800E-03,-301.560141E-03,+50.776725E-03
-4.065600E-03,-301.246071E-03,+50.967817E-03
-4.058400E-03,-300.903538E-03,+51.096885E-03
-4.051200E-03,-300.518802E-03,+51.213484E-03
-4.044000E-03,-300.121307E-03,+51.281014E-03
-4.036800E-03,-299.634497E-03,+51.305305E-03
-4.029600E-03,-299.027949E-03,+51.363605E-03
-4.022400E-03,-298.290865E-03,+51.452349E-03
-4.015200E-03,-297.539059E-03,+51.576559E-03
-4.008000E-03,-296.933492E-03,+51.686356E-03
-4.000800E-03,-296.478090E-03,+51.809756E-03
-3.993600E-03,-296.075688E-03,+51.986435E-03
-3.986400E-03,-295.535879E-03,+52.149835E-03
-3.979200E-03,-295.080477E-03,+52.224167E-03
-3.972000E-03,-294.562261E-03,+52.309673E-03
-3.964800E-03,-293.997916E-03,+52.400199E-03
-3.957600E-03,-293.361924E-03,+52.493801E-03
-3.950400E-03,-292.777949E-03,+52.595015E-03
-3.943200E-03,-292.187104E-03,+52.732990E-03
-3.936000E-03,-291.756239E-03,+52.885055E-03
-3.928800E-03,-291.308689E-03,+53.064487E-03
-3.921600E-03,-290.892546E-03,+53.227725E-03
-3.914400E-03,-290.356663E-03,+53.366186E-03
-3.907200E-03,-289.757966E-03,+53.492825E-03
-3.900000E-03,-289.014994E-03,+53.588371E-03
-3.892800E-03,-288.215096E-03,+53.702378E-03
-3.885600E-03,-287.384772E-03,+53.817520E-03
-3.878400E-03,-286.684984E-03,+53.942215E-03
-3.871200E-03,-286.220749E-03,+54.108854E-03
-3.864000E-03,-285.888031E-03,+54.317112E-03
-3.856800E-03,-285.542554E-03,+54.512739E-03
-3.849600E-03,-285.160762E-03,+54.628852E-03
-3.842400E-03,-284.757378E-03,+54.703669E-03
-3.835200E-03,-284.350068E-03,+54.773790E-03
-3.828000E-03,-283.826944E-03,+54.835166E-03
-3.820800E-03,-283.225303E-03,+54.989660E-03
-3.813600E-03,-282.532386E-03,+55.092331E-03
-3.806400E-03,-281.921911E-03,+55.241804E-03
-3.799200E-03,-281.462583E-03,+55.385771E-03
-3.792000E-03,-281.015033E-03,+55.518240E-03
-3.784800E-03,-280.541965E-03,+55.608442E-03
-3.777600E-03,-279.995286E-03,+55.687632E-03
-3.770400E-03,-279.432904E-03,+55.761316E-03
-3.763200E-03,-278.833226E-03,+55.839534E-03
-3.756000E-03,-278.210974E-03,+55.961962E-03
-3.748800E-03,-277.733979E-03,+56.077913E-03
-3.741600E-03,-277.345317E-03,+56.187225E-03
-3.734400E-03,-277.062654E-03,+56.326333E-03
-3.727200E-03,-276.798639E-03,+56.513053E-03
-3.720000E-03,-276.508124E-03,+56.604712E-03
-3.712800E-03,-276.214664E-03,+56.737019E-03
-3.705600E-03,-275.827965E-03,+56.785440E-03
-3.698400E-03,-275.359804E-03,+56.867707E-03
-3.691200E-03,-274.761107E-03,+56.984791E-03
-3.684000E-03,-274.039727E-03,+57.102038E-03
-3.676800E-03,-273.300680E-03,+57.232402E-03
-3.669600E-03,-272.702965E-03,+57.397421E-03
-3.662400E-03,-272.288785E-03,+57.587056E-03
-3.655200E-03,-271.826513E-03,+57.761144E-03
-3.648000E-03,-271.336759E-03,+57.845030E-03
-3.640800E-03,-270.837191E-03,+57.942196E-03
-3.633600E-03,-270.321919E-03,+58.024786E-03
-3.626400E-03,-269.725186E-03,+58.139927E-03
-3.619200E-03,-269.097045E-03,+58.260413E-03
-3.612000E-03,-268.531718E-03,+58.398712E-03
-3.604800E-03,-267.997799E-03,+58.559844E-03
-3.597600E-03,-267.583618E-03,+58.709479E-03
-3.590400E-03,-267.169438E-03,+58.906563E-03
-3.583200E-03,-266.811202E-03,+59.034984E-03
-3.576000E-03,-266.301819E-03,+59.111421E-03
-3.568800E-03,-265.733548E-03,+59.142676E-03
-3.561600E-03,-265.125036E-03,+59.174902E-03
-3.554400E-03,-264.429174E-03,+59.287776E-03
-3.547200E-03,-263.685220E-03,+59.408423E-03
-3.540000E-03,-263.098301E-03,+59.433200E-03
-3.532800E-03,-262.673325E-03,+59.594657E-03
-3.525600E-03,-262.332755E-03,+59.713685E-03
-3.518400E-03,-262.029481E-03,+59.824292E-03
-3.511200E-03,-261.679096E-03,+59.901862E-03
-3.504000E-03,-261.296323E-03,+59.948987E-03
-3.496800E-03,-260.938086E-03,+59.998704E-03
-3.489600E-03,-260.543535E-03,+60.090363E-03
-3.482400E-03,-260.108744E-03,+60.199998E-03
-3.475200E-03,-259.585621E-03,+60.272387E-03
-3.468000E-03,-259.153774E-03,+60.334573E-03
-3.460800E-03,-258.752353E-03,+60.474329E-03
-3.453600E-03,-258.406875E-03,+60.571332E-03
-3.446400E-03,-258.025084E-03,+60.727931E-03
-3.439200E-03,-257.564774E-03,+60.809064E-03
-3.432000E-03,-257.078947E-03,+60.836756E-03
-3.424800E-03,-256.474361E-03,+60.914813E-03
-3.417600E-03,-255.770647E-03,+60.991411E-03
-3.410400E-03,-255.058100E-03,+61.107848E-03
-3.403200E-03,-254.481978E-03,+61.211491E-03
-3.396000E-03,-254.104112E-03,+61.375863E-03
-3.388800E-03,-253.753727E-03,+61.562745E-03
-3.381600E-03,-253.419046E-03,+61.738938E-03
-3.374400E-03,-253.056883E-03,+61.848897E-03
-3.367200E-03,-252.633870E-03,+61.898937E-03
-3.360000E-03,-252.173560E-03,+62.003066E-03
-3.352800E-03,-251.590567E-03,+62.094402E-03
-3.345600E-03,-250.954575E-03,+62.170029E-03
-3.338400E-03,-250.198843E-03,+62.365656E-03
-3.331200E-03,-249.598184E-03,+62.449218E-03
-3.324000E-03,-249.084875E-03,+62.648245E-03
-3.316800E-03,-248.670695E-03,+62.802577E-03
-3.309600E-03,-248.208422E-03,+62.938122E-03
-3.302400E-03,-247.646040E-03,+63.017636E-03
-3.295200E-03,-247.124880E-03,+63.076745E-03
-3.288000E-03,-246.526183E-03,+63.153506E-03
-3.280800E-03,-245.921598E-03,+63.209538E-03
-3.273600E-03,-245.421048E-03,+63.290347E-03
-3.266400E-03,-244.996072E-03,+63.424274E-03
-3.259200E-03,-244.713408E-03,+63.572613E-03
-3.252000E-03,-244.430745E-03,+63.679171E-03
-3.244800E-03,-244.111767E-03,+63.849697E-03
-3.237600E-03,-243.777086E-03,+63.994150E-03
-3.230400E-03,-243.384498E-03,+64.080789E-03
-3.223200E-03,-242.900633E-03,+64.137145E-03
-3.216000E-03,-242.244030E-03,+64.273986E-03
-3.208800E-03,-241.577612E-03,+64.317873E-03
-3.201600E-03,-240.811084E-03,+64.462487E-03
-3.194400E-03,-240.202573E-03,+64.617628E-03
-3.187200E-03,-239.777596E-03,+64.765968E-03
-3.180000E-03,-239.380101E-03,+64.905400E-03
-3.172800E-03,-238.913903E-03,+65.082565E-03
-3.165600E-03,-238.475186E-03,+65.209366E-03
-3.158400E-03,-238.008988E-03,+65.264265E-03
-3.151200E-03,-237.501568E-03,+65.321593E-03
-3.144000E-03,-236.988259E-03,+65.441916E-03
-3.136800E-03,-236.490654E-03,+65.622320E-03
-3.129600E-03,-235.977345E-03,+65.759809E-03
-3.122400E-03,-235.605368E-03,+65.884667E-03
-3.115200E-03,-235.239280E-03,+66.071872E-03
-3.108000E-03,-234.885951E-03,+66.218430E-03
-3.100800E-03,-234.481585E-03,+66.371304E-03
-3.093600E-03,-233.952573E-03,+66.486931E-03
-3.086400E-03,-233.355839E-03,+66.511870E-03
-3.079200E-03,-232.639366E-03,+66.643853E-03
-3.072000E-03,-231.901301E-03,+66.793002E-03
-3.064800E-03,-231.182865E-03,+66.926443E-03
-3.057600E-03,-230.738259E-03,+67.075430E-03
-3.050400E-03,-230.331931E-03,+67.274134E-03
-3.043200E-03,-229.952102E-03,+67.427655E-03
-3.036000E-03,-229.549699E-03,+67.556399E-03
-3.028800E-03,-229.125704E-03,+67.642877E-03
-3.021600E-03,-228.707598E-03,+67.708625E-03
-3.014400E-03,-228.231585E-03,+67.770811E-03
-3.007200E-03,-227.576945E-03,+67.882228E-03
-3.000000E-03,-226.886972E-03,+68.017450E-03
-2.992800E-03,-226.229387E-03,+68.139069E-03
-2.985600E-03,-225.639523E-03,+68.306679E-03
-2.978400E-03,-225.215528E-03,+68.457286E-03
-2.971200E-03,-224.698294E-03,+68.605949E-03
-2.964000E-03,-224.182041E-03,+68.747811E-03
-2.956800E-03,-223.609844E-03,+68.839956E-03
-2.949600E-03,-222.966000E-03,+68.884166E-03
-2.942400E-03,-222.300563E-03,+69.002546E-03
-2.935200E-03,-221.643960E-03,+69.078497E-03
-2.928000E-03,-221.027597E-03,+69.253395E-03
-2.920800E-03,-220.661508E-03,+69.374366E-03
-2.913600E-03,-220.310142E-03,+69.510236E-03
-2.906400E-03,-219.939147E-03,+69.725619E-03
-2.899200E-03,-219.577966E-03,+69.815821E-03
-2.892000E-03,-219.122564E-03,+69.894687E-03
-2.884800E-03,-218.625940E-03,+70.002541E-03
-2.877600E-03,-217.969337E-03,+70.076873E-03
-2.870400E-03,-217.224401E-03,+70.170961E-03
-2.863200E-03,-216.389170E-03,+70.239787E-03
-2.856000E-03,-215.747289E-03,+70.394442E-03
-2.848800E-03,-215.322312E-03,+70.524320E-03
-2.841600E-03,-214.903225E-03,+70.711202E-03
-2.834400E-03,-214.461563E-03,+70.838003E-03
-2.827200E-03,-214.018921E-03,+70.998650E-03
-2.820000E-03,-213.566463E-03,+71.087394E-03
-2.812800E-03,-213.098302E-03,+71.125289E-03
-2.805600E-03,-212.564382E-03,+71.235572E-03
-2.798400E-03,-211.999056E-03,+71.316705E-03
-2.791200E-03,-211.402322E-03,+71.467959E-03
-2.784000E-03,-210.836995E-03,+71.636865E-03
-2.776800E-03,-210.372760E-03,+71.782937E-03
-2.769600E-03,-209.967413E-03,+71.939860E-03
-2.762400E-03,-209.480604E-03,+72.100183E-03
-2.755200E-03,-208.884852E-03,+72.194271E-03
-2.748000E-03,-208.204693E-03,+72.267145E-03
-2.740800E-03,-207.488220E-03,+72.417266E-03
-2.733600E-03,-206.728563E-03,+72.524634E-03
-2.726400E-03,-205.995405E-03,+72.657265E-03
-2.719200E-03,-205.416337E-03,+72.790544E-03
-2.712000E-03,-205.025712E-03,+73.005927E-03
-2.704800E-03,-204.672383E-03,+73.149246E-03
-2.697600E-03,-204.314147E-03,+73.439771E-03
-2.690400E-03,-203.934318E-03,+73.498394E-03
-2.683200E-03,-203.487749E-03,+73.657422E-03
-2.676000E-03,-203.013699E-03,+73.726409E-03
-2.668800E-03,-202.410095E-03,+73.843170E-03
-2.661600E-03,-201.690678E-03,+73.990700E-03
-2.654400E-03,-200.944761E-03,+74.161225E-03
-2.647200E-03,-200.315639E-03,+74.296933E-03
-2.640000E-03,-199.859255E-03,+74.585515E-03
-2.632800E-03,-199.461760E-03,+74.754421E-03
-2.625600E-03,-199.017154E-03,+74.880412E-03
-2.618400E-03,-198.550956E-03,+74.980978E-03
-2.611200E-03,-198.032740E-03,+75.080411E-03
-2.604000E-03,-197.564579E-03,+75.171261E-03
-2.596800E-03,-197.038511E-03,+75.279438E-03
-2.589600E-03,-196.572313E-03,+75.396037E-03
-2.582400E-03,-196.158132E-03,+75.511826E-03
-2.575200E-03,-195.818544E-03,+75.695954E-03
-2.568000E-03,-195.519196E-03,+75.859840E-03
-2.560800E-03,-195.184514E-03,+76.048341E-03
-2.553600E-03,-194.788000E-03,+76.209798E-03
-2.546400E-03,-194.298247E-03,+76.266316E-03
-2.539200E-03,-193.730957E-03,+76.348907E-03
-2.532000E-03,-193.000744E-03,+76.497408E-03
-2.524800E-03,-192.171402E-03,+76.614816E-03
-2.517600E-03,-191.420577E-03,+76.775787E-03
-2.510400E-03,-190.840529E-03,+76.984045E-03
-2.503200E-03,-190.476403E-03,+77.196514E-03
-2.496000E-03,-190.154481E-03,+77.483152E-03
-2.488800E-03,-189.756986E-03,+77.689791E-03
-2.481600E-03,-189.395805E-03,+77.820478E-03
-2.474400E-03,-189.003217E-03,+77.954567E-03
-2.467200E-03,-188.547815E-03,+78.088169E-03
-2.460000E-03,-188.098302E-03,+78.231003E-03
-2.452800E-03,-187.616400E-03,+78.411083E-03
-2.445600E-03,-187.090333E-03,+78.602661E-03
-2.438400E-03,-186.689893E-03,+78.788733E-03
-2.431200E-03,-186.283564E-03,+79.004116E-03
-2.424000E-03,-185.898828E-03,+79.220472E-03
-2.416800E-03,-185.422815E-03,+79.402819E-03
-2.409600E-03,-184.858470E-03,+79.534316E-03
-2.402400E-03,-184.253885E-03,+79.604113E-03
-2.395200E-03,-183.545263E-03,+79.710510E-03
-2.388000E-03,-182.764995E-03,+79.870509E-03
-2.380800E-03,-182.077966E-03,+79.985812E-03
-2.373600E-03,-181.666730E-03,+80.203463E-03
-2.366400E-03,-181.354623E-03,+80.409615E-03
-2.359200E-03,-181.022886E-03,+80.645890E-03
-2.352000E-03,-180.638150E-03,+80.815282E-03
-2.344800E-03,-180.316228E-03,+80.980463E-03
-2.337600E-03,-179.921677E-03,+81.102406E-03
-2.330400E-03,-179.489830E-03,+81.209935E-03
-2.323200E-03,-178.859726E-03,+81.377708E-03
-2.316000E-03,-178.242382E-03,+81.497707E-03
-2.308800E-03,-177.556335E-03,+81.703212E-03
-2.301600E-03,-177.005730E-03,+81.965883E-03
-2.294400E-03,-176.523828E-03,+82.150336E-03
-2.287200E-03,-176.063519E-03,+82.390173E-03
-2.280000E-03,-175.535488E-03,+82.518917E-03
-2.272800E-03,-174.941699E-03,+82.587095E-03
-2.265600E-03,-174.363613E-03,+82.642155E-03
-2.258400E-03,-173.675603E-03,+82.795839E-03
-2.251200E-03,-173.022925E-03,+82.887984E-03
-2.244000E-03,-172.460543E-03,+82.998753E-03
-2.236800E-03,-172.064029E-03,+83.103691E-03
-2.229600E-03,-171.754866E-03,+83.243934E-03
-2.222400E-03,-171.336760E-03,+83.349682E-03
-2.215200E-03,-170.975579E-03,+83.472758E-03
-2.208000E-03,-170.505455E-03,+83.561665E-03
-2.200800E-03,-169.938166E-03,+83.601341E-03
-2.193600E-03,-169.212859E-03,+83.683284E-03
-2.186400E-03,-168.446331E-03,+83.743040E-03
-2.179200E-03,-167.673915E-03,+83.874700E-03
-2.172000E-03,-166.986886E-03,+84.013646E-03
-2.164800E-03,-166.572706E-03,+84.168140E-03
-2.157600E-03,-166.201710E-03,+84.304657E-03
-2.150400E-03,-165.767900E-03,+84.375750E-03
-2.143200E-03,-165.340961E-03,+84.474859E-03
-2.136000E-03,-164.835504E-03,+84.514697E-03
-2.128800E-03,-164.320232E-03,+84.612186E-03
-2.121600E-03,-163.752943E-03,+84.674210E-03
-2.114400E-03,-163.116950E-03,+84.760201E-03
-2.107200E-03,-162.522180E-03,+84.864816E-03
-2.100000E-03,-162.024574E-03,+84.965706E-03
-2.092800E-03,-161.569172E-03,+85.176232E-03
-2.085600E-03,-161.095122E-03,+85.347891E-03
-2.078400E-03,-160.533722E-03,+85.529752E-03
-2.071200E-03,-159.960543E-03,+85.593234E-03
-2.064000E-03,-159.351050E-03,+85.652505E-03
-2.056800E-03,-158.631633E-03,+85.750156E-03
-2.049600E-03,-157.947549E-03,+85.892665E-03
-2.042400E-03,-157.319408E-03,+86.006673E-03
-2.035200E-03,-156.863024E-03,+86.189182E-03
-2.028000E-03,-156.541102E-03,+86.354364E-03
-2.020800E-03,-156.156366E-03,+86.490071E-03
-2.013600E-03,-155.771630E-03,+86.588532E-03
-2.006400E-03,-155.350579E-03,+86.649099E-03
-1.999200E-03,-154.869659E-03,+86.678249E-03
-1.992000E-03,-154.252315E-03,+86.740920E-03
-1.984800E-03,-153.584915E-03,+86.793066E-03
-1.977600E-03,-152.786980E-03,+86.863997E-03
-1.970400E-03,-152.105840E-03,+86.950150E-03
-1.963200E-03,-151.602346E-03,+87.012174E-03
-1.956000E-03,-151.154796E-03,+87.086020E-03
-1.948800E-03,-150.697431E-03,+87.079542E-03
-1.941600E-03,-150.158604E-03,+87.128125E-03
-1.934400E-03,-149.635481E-03,+87.145129E-03
-1.927200E-03,-148.973970E-03,+87.167639E-03
-1.920000E-03,-148.353681E-03,+87.188691E-03
-1.912800E-03,-147.683337E-03,+87.224805E-03
-1.905600E-03,-146.965883E-03,+87.297193E-03
-1.898400E-03,-146.455518E-03,+87.361646E-03
-1.891200E-03,-145.991283E-03,+87.454601E-03
-1.884000E-03,-145.554529E-03,+87.498326E-03
-1.876800E-03,-144.955832E-03,+87.544317E-03
-1.869600E-03,-144.319840E-03,+87.511119E-03
-1.862400E-03,-143.674033E-03,+87.608123E-03
-1.855200E-03,-142.878061E-03,+87.627880E-03
-1.848000E-03,-142.182199E-03,+87.756300E-03
-1.840800E-03,-141.581539E-03,+87.808769E-03
-1.833600E-03,-141.227228E-03,+87.920834E-03
-1.826400E-03,-140.944565E-03,+88.061238E-03
-1.819200E-03,-140.671717E-03,+88.141885E-03
-1.812000E-03,-140.347831E-03,+88.245043E-03
-1.804800E-03,-140.060261E-03,+88.284880E-03
-1.797600E-03,-139.706932E-03,+88.266419E-03
-1.790400E-03,-139.259381E-03,+88.327795E-03
-1.783200E-03,-138.786313E-03,+88.395325E-03
-1.776000E-03,-138.103210E-03,+88.450386E-03
-1.768800E-03,-137.545735E-03,+88.564069E-03
-1.761600E-03,-137.082481E-03,+88.634352E-03
-1.754400E-03,-136.644746E-03,+88.705769E-03
-1.747200E-03,-136.208973E-03,+88.817509E-03
-1.740000E-03,-135.698609E-03,+88.826740E-03
-1.732800E-03,-135.124449E-03,+88.893137E-03
-1.725600E-03,-134.523789E-03,+88.916456E-03
-1.718400E-03,-133.853446E-03,+88.961800E-03
-1.711200E-03,-133.280267E-03,+88.981557E-03
-1.704000E-03,-132.768921E-03,+89.069492E-03
-1.696800E-03,-132.404796E-03,+89.210706E-03
-1.689600E-03,-132.124096E-03,+89.310300E-03
-1.682400E-03,-131.792359E-03,+89.376535E-03
-1.675200E-03,-131.470437E-03,+89.474024E-03
-1.668000E-03,-131.145570E-03,+89.452648E-03
-1.660800E-03,-130.717649E-03,+89.490542E-03
-1.653600E-03,-130.170971E-03,+89.550299E-03
-1.646400E-03,-129.534978E-03,+89.611514E-03
-1.639200E-03,-128.833227E-03,+89.789650E-03
-1.632000E-03,-128.183494E-03,+89.826573E-03
-1.624800E-03,-127.728092E-03,+89.915318E-03
-1.617600E-03,-127.345319E-03,+90.046815E-03
-1.610400E-03,-126.914454E-03,+90.114831E-03
-1.603200E-03,-126.451200E-03,+90.139446E-03
-1.596000E-03,-126.063519E-03,+90.182685E-03
-1.588800E-03,-125.628728E-03,+90.249243E-03
-1.581600E-03,-125.098735E-03,+90.285842E-03
-1.574400E-03,-124.656092E-03,+90.392077E-03
-1.567200E-03,-124.254671E-03,+90.428514E-03
-1.560000E-03,-123.932748E-03,+90.506570E-03
-1.552800E-03,-123.727621E-03,+90.576043E-03
-1.545600E-03,-123.424347E-03,+90.694261E-03
-1.538400E-03,-123.199590E-03,+90.736042E-03
-1.531200E-03,-122.916927E-03,+90.774261E-03
-1.524000E-03,-122.542987E-03,+90.810212E-03
-1.516800E-03,-122.080715E-03,+90.796933E-03
-1.509600E-03,-121.565443E-03,+90.877094E-03
-1.502400E-03,-120.970672E-03,+90.957580E-03
-1.495200E-03,-120.476012E-03,+90.993045E-03
-1.488000E-03,-120.027480E-03,+91.035960E-03
-1.480800E-03,-119.700650E-03,+91.106081E-03
-1.473600E-03,-119.315914E-03,+91.154178E-03
-1.466400E-03,-118.845790E-03,+91.160332E-03
-1.459200E-03,-118.348185E-03,+91.187376E-03
-1.452000E-03,-117.746544E-03,+91.269805E-03
-1.444800E-03,-117.201828E-03,+91.275797E-03
-1.437600E-03,-116.584484E-03,+91.368428E-03
-1.430400E-03,-116.028972E-03,+91.441302E-03
-1.423200E-03,-115.636384E-03,+91.509480E-03
-1.416000E-03,-115.212389E-03,+91.607293E-03
-1.408800E-03,-114.816857E-03,+91.729074E-03
-1.401600E-03,-114.359492E-03,+91.797576E-03
-1.394400E-03,-113.789258E-03,+91.797252E-03
-1.387200E-03,-113.162098E-03,+91.828021E-03
-1.380000E-03,-112.410293E-03,+91.880652E-03
-1.372800E-03,-111.513229E-03,+91.911745E-03
-1.365600E-03,-110.730016E-03,+91.980733E-03
-1.358400E-03,-110.218670E-03,+92.062838E-03
-1.351200E-03,-109.851601E-03,+92.195145E-03
-1.344000E-03,-109.397180E-03,+92.276116E-03
-1.336800E-03,-108.978092E-03,+92.323889E-03
-1.329600E-03,-108.554098E-03,+92.375872E-03
-1.322400E-03,-108.101640E-03,+92.402107E-03
-1.315200E-03,-107.606979E-03,+92.400002E-03
-1.308000E-03,-107.005338E-03,+92.482593E-03
-1.300800E-03,-106.356587E-03,+92.550285E-03
-1.293600E-03,-105.717650E-03,+92.633361E-03
-1.286400E-03,-105.220044E-03,+92.711093E-03
-1.279200E-03,-104.769550E-03,+92.811174E-03
-1.272000E-03,-104.345555E-03,+92.872874E-03
-1.264800E-03,-103.798876E-03,+92.975384E-03
-1.257600E-03,-103.231587E-03,+93.042266E-03
-1.250400E-03,-102.645649E-03,+93.094897E-03
-1.243200E-03,-101.959602E-03,+93.145747E-03
-1.236000E-03,-101.320665E-03,+93.249552E-03
-1.228800E-03,-100.733746E-03,+93.332143E-03
-1.221600E-03,-100.385324E-03,+93.449713E-03
-1.214400E-03,-100.063402E-03,+93.574085E-03
-1.207200E-03,-99.710073E-03,+93.734570E-03
-1.200000E-03,-99.351836E-03,+93.906067E-03
-1.192800E-03,-98.946489E-03,+93.942828E-03
-1.185600E-03,-98.483235E-03,+93.963233E-03
-1.178400E-03,-97.843317E-03,+94.061694E-03
-1.171200E-03,-97.155307E-03,+94.106552E-03
-1.164000E-03,-96.338724E-03,+94.235135E-03
-1.156800E-03,-95.646788E-03,+94.287928E-03
-1.149600E-03,-95.124646E-03,+94.460559E-03
-1.142400E-03,-94.693780E-03,+94.533595E-03
-1.135200E-03,-94.209916E-03,+94.620720E-03
-1.128000E-03,-93.730959E-03,+94.686954E-03
-1.120800E-03,-93.249057E-03,+94.751893E-03
-1.113600E-03,-92.746544E-03,+94.758695E-03
-1.106400E-03,-92.212625E-03,+94.810354E-03
-1.099200E-03,-91.615891E-03,+94.840476E-03
-1.092000E-03,-91.053509E-03,+94.935698E-03
-1.084800E-03,-90.589274E-03,+94.985576E-03
-1.077600E-03,-90.165279E-03,+95.097478E-03
-1.070400E-03,-89.731469E-03,+95.156588E-03
-1.063200E-03,-89.348696E-03,+95.194806E-03
-1.056000E-03,-88.784351E-03,+95.201284E-03
-1.048800E-03,-88.161117E-03,+95.256830E-03
-1.041600E-03,-87.480959E-03,+95.287923E-03
-1.034400E-03,-86.722282E-03,+95.341850E-03
-1.027200E-03,-85.998939E-03,+95.388489E-03
-1.020000E-03,-85.466982E-03,+95.465574E-03
-1.012800E-03,-85.102857E-03,+95.602253E-03
-1.005600E-03,-84.791731E-03,+95.711079E-03
-998.400E-06,-84.438402E-03,+95.826706E-03
-991.200E-06,-84.110591E-03,+95.899742E-03
-984.000E-06,-83.804373E-03,+95.902009E-03
-976.800E-06,-83.327378E-03,+95.906705E-03
-969.600E-06,-82.863143E-03,+95.982494E-03
-962.400E-06,-82.256595E-03,+96.085328E-03
-955.200E-06,-81.576436E-03,+96.176016E-03
-948.000E-06,-81.057239E-03,+96.239335E-03
-940.800E-06,-80.507615E-03,+96.381197E-03
-933.600E-06,-80.115027E-03,+96.432371E-03
-926.400E-06,-79.629200E-03,+96.540062E-03
-919.200E-06,-79.053077E-03,+96.581358E-03
-912.000E-06,-78.535842E-03,+96.619900E-03
-904.800E-06,-77.872369E-03,+96.643706E-03
-897.600E-06,-77.231469E-03,+96.699090E-03
-890.400E-06,-76.694605E-03,+96.818118E-03
-883.200E-06,-76.250981E-03,+96.871073E-03
-876.000E-06,-75.950651E-03,+96.998522E-03
-868.800E-06,-75.680747E-03,+97.113501E-03
-861.600E-06,-75.401028E-03,+97.210666E-03
-854.400E-06,-75.042791E-03,+97.226213E-03
-847.200E-06,-74.606037E-03,+97.275929E-03
-840.000E-06,-74.153580E-03,+97.305727E-03
-832.800E-06,-73.496976E-03,+97.379734E-03
-825.600E-06,-72.752041E-03,+97.464107E-03
-818.400E-06,-71.960976E-03,+97.510260E-03
-811.200E-06,-71.326947E-03,+97.590584E-03
-804.000E-06,-70.852897E-03,+97.711393E-03
-796.800E-06,-70.447550E-03,+97.782324E-03
-789.600E-06,-69.926389E-03,+97.883538E-03
-782.400E-06,-69.452339E-03,+97.919165E-03
-775.200E-06,-68.993993E-03,+97.945562E-03
-768.000E-06,-68.379593E-03,+98.002403E-03
-760.800E-06,-67.815247E-03,+98.075116E-03
-753.600E-06,-67.192014E-03,+98.129690E-03
-746.400E-06,-66.647298E-03,+98.257787E-03
-739.200E-06,-66.222322E-03,+98.305884E-03
-732.000E-06,-65.824827E-03,+98.459729E-03
-724.800E-06,-65.421443E-03,+98.561105E-03
-717.600E-06,-64.919911E-03,+98.688068E-03
-710.400E-06,-64.328085E-03,+98.695517E-03
-703.200E-06,-63.700926E-03,+98.757218E-03
-696.000E-06,-62.973657E-03,+98.796570E-03
-688.800E-06,-62.221851E-03,+98.908472E-03
-681.600E-06,-61.496545E-03,+99.010172E-03
-674.400E-06,-61.032309E-03,+99.100698E-03
-667.200E-06,-60.710387E-03,+99.271385E-03
-660.000E-06,-60.357058E-03,+99.355595E-03
-652.800E-06,-59.998822E-03,+99.478833E-03
-645.600E-06,-59.618993E-03,+99.556242E-03
-638.400E-06,-59.213646E-03,+99.584582E-03
-631.200E-06,-58.729781E-03,+99.664096E-03
-624.000E-06,-58.198806E-03,+99.783771E-03
-616.800E-06,-57.602072E-03,+99.872516E-03
-609.600E-06,-57.088764E-03,+99.989438E-03
-602.400E-06,-56.594103E-03,+100.112515E-03
-595.200E-06,-56.198570E-03,+100.272676E-03
-588.000E-06,-55.805983E-03,+100.425711E-03
-580.800E-06,-55.329970E-03,+100.504739E-03
-573.600E-06,-54.806846E-03,+100.546521E-03
-566.400E-06,-54.268019E-03,+100.580690E-03
-559.200E-06,-53.613379E-03,+100.683686E-03
-552.000E-06,-52.975423E-03,+100.746196E-03
-544.800E-06,-52.385560E-03,+100.817450E-03
-537.600E-06,-51.941936E-03,+100.927247E-03
-530.400E-06,-51.610199E-03,+101.118340E-03
-523.200E-06,-51.256870E-03,+101.233805E-03
-516.000E-06,-50.875078E-03,+101.268298E-03
-508.800E-06,-50.441268E-03,+101.320444E-03
-501.600E-06,-49.944645E-03,+101.349108E-03
-494.400E-06,-49.290004E-03,+101.452913E-03
-487.200E-06,-48.534272E-03,+101.451617E-03
-480.000E-06,-47.720634E-03,+101.523034E-03
-472.800E-06,-47.005142E-03,+101.636556E-03
-465.600E-06,-46.493797E-03,+101.749753E-03
-458.400E-06,-46.098264E-03,+101.799308E-03
-451.200E-06,-45.619307E-03,+101.950400E-03
-444.000E-06,-45.203164E-03,+101.998821E-03
-436.800E-06,-44.797817E-03,+102.059064E-03
-429.600E-06,-44.316897E-03,+102.122383E-03
-422.400E-06,-43.850698E-03,+102.171938E-03
-415.200E-06,-43.356038E-03,+102.221978E-03
-408.000E-06,-42.902599E-03,+102.350884E-03
-400.800E-06,-42.457993E-03,+102.396228E-03
-393.600E-06,-42.091904E-03,+102.585377E-03
-386.400E-06,-41.704224E-03,+102.721571E-03
-379.200E-06,-41.311636E-03,+102.783433E-03
-372.000E-06,-40.770846E-03,+102.806914E-03
-364.800E-06,-40.229075E-03,+102.861651E-03
-357.600E-06,-39.504750E-03,+102.939059E-03
-350.400E-06,-38.748037E-03,+102.990719E-03
-343.200E-06,-38.007027E-03,+103.073957E-03
-336.000E-06,-37.385757E-03,+103.174200E-03
-328.800E-06,-36.974521E-03,+103.288531E-03
-321.600E-06,-36.621192E-03,+103.396547E-03
-314.400E-06,-36.236455E-03,+103.503591E-03
-307.200E-06,-35.810497E-03,+103.590716E-03
-300.000E-06,-35.315837E-03,+103.687234E-03
-292.800E-06,-34.779954E-03,+103.717355E-03
-285.600E-06,-34.146906E-03,+103.815492E-03
-278.400E-06,-33.408841E-03,+103.891443E-03
-271.200E-06,-32.702182E-03,+104.032495E-03
-264.000E-06,-32.151578E-03,+104.143912E-03
-256.800E-06,-31.679491E-03,+104.291765E-03
-249.600E-06,-31.256477E-03,+104.404639E-03
-242.400E-06,-30.717650E-03,+104.438809E-03
-235.200E-06,-30.152324E-03,+104.505529E-03
-228.000E-06,-29.615460E-03,+104.546177E-03
-220.800E-06,-28.990264E-03,+104.626824E-03
-213.600E-06,-28.393530E-03,+104.770305E-03
-206.400E-06,-27.921443E-03,+104.831682E-03
-199.200E-06,-27.539651E-03,+104.958807E-03
-192.000E-06,-27.277599E-03,+105.098401E-03
-184.800E-06,-26.968436E-03,+105.241072E-03
-177.600E-06,-26.644551E-03,+105.358643E-03
-170.400E-06,-26.251963E-03,+105.359938E-03
-163.200E-06,-25.818153E-03,+105.422448E-03
-156.000E-06,-25.271474E-03,+105.494998E-03
-148.800E-06,-24.572668E-03,+105.570787E-03
-141.600E-06,-23.848343E-03,+105.671192E-03
-134.400E-06,-23.184869E-03,+105.705523E-03
-127.200E-06,-22.734375E-03,+105.850300E-03
-120.000E-06,-22.320195E-03,+105.945684E-03
-112.800E-06,-21.857922E-03,+106.070704E-03
-105.600E-06,-21.368169E-03,+106.107627E-03
-98.400E-06,-20.937304E-03,+106.194590E-03
-91.200E-06,-20.373940E-03,+106.229084E-03
-84.000E-06,-19.819409E-03,+106.323658E-03
-76.800E-06,-19.154954E-03,+106.431350E-03
-69.600E-06,-18.607294E-03,+106.483819E-03
-62.400E-06,-18.112633E-03,+106.629729E-03
-55.200E-06,-17.737712E-03,+106.772563E-03
-48.000E-06,-17.290162E-03,+106.857097E-03
-40.800E-06,-16.791575E-03,+106.932400E-03
-33.600E-06,-16.228211E-03,+106.968675E-03
-26.400E-06,-15.585349E-03,+107.016286E-03
-19.200E-06,-14.868876E-03,+107.124626E-03
-12.000E-06,-14.090570E-03,+107.182115E-03
-4.800E-06,-13.495799E-03,+107.270212E-03
+2.400E-06,-12.966787E-03,+107.388916E-03
+9.600E-06,-12.641920E-03,+107.547134E-03
+16.800E-06,-12.288591E-03,+107.665514E-03
+24.000E-06,-11.925447E-03,+107.818550E-03
+31.200E-06,-11.522063E-03,+107.851586E-03
+38.400E-06,-11.051939E-03,+107.907132E-03
+45.600E-06,-10.384540E-03,+108.007536E-03
+52.800E-06,-9.727937E-03,+108.061949E-03
+60.000E-06,-8.895650E-03,+108.195390E-03
+67.200E-06,-8.334249E-03,+108.343243E-03
+74.400E-06,-7.860199E-03,+108.481056E-03
+81.600E-06,-7.434241E-03,+108.627938E-03
+88.800E-06,-6.819841E-03,+108.755063E-03
+96.000E-06,-6.246663E-03,+108.816277E-03
+103.200E-06,-5.604782E-03,+108.884131E-03
+110.400E-06,-4.943271E-03,+108.991013E-03
+117.600E-06,-4.364204E-03,+109.110689E-03
+124.800E-06,-3.874450E-03,+109.196195E-03
+132.000E-06,-3.431807E-03,+109.344534E-03
+139.200E-06,-3.109885E-03,+109.472792E-03
+146.400E-06,-2.759501E-03,+109.610929E-03
+153.600E-06,-2.492541E-03,+109.774329E-03
+160.800E-06,-2.068546E-03,+109.913276E-03
+168.000E-06,-1.603329E-03,+109.995057E-03
+175.200E-06,-1.129279E-03,+110.022911E-03
+182.400E-06,-431.454E-06,+110.144692E-03
+189.600E-06,+287.963E-06,+110.241857E-03
+196.800E-06,+1.076083E-03,+110.361209E-03
+204.000E-06,+1.697354E-03,+110.454326E-03
+211.200E-06,+2.150793E-03,+110.594568E-03
+218.400E-06,+2.529640E-03,+110.646228E-03
+225.600E-06,+2.940876E-03,+110.800883E-03
+232.800E-06,+3.367816E-03,+110.911328E-03
+240.000E-06,+3.825180E-03,+110.909546E-03
+247.200E-06,+4.319841E-03,+110.996348E-03
+254.400E-06,+4.814502E-03,+111.026469E-03
+261.600E-06,+5.340570E-03,+111.116671E-03
+268.800E-06,+5.888230E-03,+111.228897E-03
+276.000E-06,+6.304373E-03,+111.343552E-03
+283.200E-06,+6.689109E-03,+111.452540E-03
+290.400E-06,+7.039494E-03,+111.570434E-03
+297.600E-06,+7.410490E-03,+111.676020E-03
+304.800E-06,+7.906132E-03,+111.704198E-03
+312.000E-06,+8.363497E-03,+111.733024E-03
+319.200E-06,+8.920972E-03,+111.819178E-03
+326.400E-06,+9.541261E-03,+111.883469E-03
+333.600E-06,+10.098736E-03,+112.006707E-03
+340.800E-06,+10.572786E-03,+112.093346E-03
+348.000E-06,+10.845634E-03,+112.244925E-03
+355.200E-06,+11.128298E-03,+112.341118E-03
+362.400E-06,+11.442368E-03,+112.468081E-03
+369.600E-06,+11.735827E-03,+112.520875E-03
+376.800E-06,+11.976288E-03,+112.593587E-03
+384.000E-06,+12.358079E-03,+112.648809E-03
+391.200E-06,+12.724168E-03,+112.741602E-03
+398.400E-06,+13.085348E-03,+112.826136E-03
+405.600E-06,+13.421011E-03,+112.940792E-03
+412.800E-06,+13.730174E-03,+113.054637E-03
+420.000E-06,+13.942172E-03,+113.153260E-03
+427.200E-06,+14.237594E-03,+113.319737E-03
+434.400E-06,+14.608590E-03,+113.378522E-03
+441.600E-06,+14.979585E-03,+113.421275E-03
+448.800E-06,+15.494857E-03,+113.459979E-03
+456.000E-06,+16.172071E-03,+113.515364E-03
+463.200E-06,+16.915044E-03,+113.629047E-03
+470.400E-06,+17.649183E-03,+113.737063E-03
+477.600E-06,+18.170344E-03,+113.843621E-03
+484.800E-06,+18.560969E-03,+114.000381E-03
+492.000E-06,+18.917242E-03,+114.149531E-03
+499.200E-06,+19.313756E-03,+114.243781E-03
+506.400E-06,+19.722047E-03,+114.374955E-03
+513.600E-06,+20.235356E-03,+114.423861E-03
+520.800E-06,+20.730017E-03,+114.494144E-03
+528.000E-06,+21.318899E-03,+114.610419E-03
+535.200E-06,+21.901892E-03,+114.710176E-03
+542.400E-06,+22.485867E-03,+114.838434E-03
+549.600E-06,+22.991324E-03,+114.979648E-03
+556.800E-06,+23.391763E-03,+115.092846E-03
+564.000E-06,+23.842258E-03,+115.236489E-03
+571.200E-06,+24.360474E-03,+115.325881E-03
+578.400E-06,+24.932671E-03,+115.427257E-03
+585.600E-06,+25.542164E-03,+115.446366E-03
+592.800E-06,+26.230174E-03,+115.533653E-03
+600.000E-06,+26.945665E-03,+115.625637E-03
+607.200E-06,+27.485474E-03,+115.730252E-03
+614.400E-06,+27.935969E-03,+115.882154E-03
+621.600E-06,+28.289298E-03,+116.028226E-03
+628.800E-06,+28.631831E-03,+116.173326E-03
+636.000E-06,+28.998900E-03,+116.292192E-03
+643.200E-06,+29.421914E-03,+116.336402E-03
+650.400E-06,+29.910686E-03,+116.388710E-03
+657.600E-06,+30.546678E-03,+116.446685E-03
+664.800E-06,+31.273947E-03,+116.578183E-03
+672.000E-06,+32.084642E-03,+116.621907E-03
+679.200E-06,+32.907113E-03,+116.757939E-03
+686.400E-06,+33.446922E-03,+116.871622E-03
+693.600E-06,+33.892509E-03,+117.070812E-03
+700.800E-06,+34.326319E-03,+117.235345E-03
+708.000E-06,+34.878886E-03,+117.347571E-03
+715.200E-06,+35.341158E-03,+117.370729E-03
+722.400E-06,+35.862319E-03,+117.518907E-03
+729.600E-06,+36.394276E-03,+117.637611E-03
+736.800E-06,+36.933103E-03,+117.742387E-03
+744.000E-06,+37.467022E-03,+117.864654E-03
+751.200E-06,+37.915554E-03,+117.967973E-03
+758.400E-06,+38.336604E-03,+118.174612E-03
+765.600E-06,+38.710544E-03,+118.341899E-03
+772.800E-06,+39.173798E-03,+118.503355E-03
+780.000E-06,+39.725384E-03,+118.597444E-03
+787.200E-06,+40.276970E-03,+118.693962E-03
+794.400E-06,+41.048406E-03,+118.752099E-03
+801.600E-06,+41.852229E-03,+118.851046E-03
+808.800E-06,+42.577536E-03,+118.979790E-03
+816.000E-06,+43.047660E-03,+119.094931E-03
+823.200E-06,+43.396081E-03,+119.240356E-03
+830.400E-06,+43.645375E-03,+119.388047E-03
+837.600E-06,+44.008519E-03,+119.583350E-03
+844.800E-06,+44.289219E-03,+119.708046E-03
+852.000E-06,+44.576790E-03,+119.818491E-03
+859.200E-06,+44.963489E-03,+119.856385E-03
+866.400E-06,+45.390428E-03,+119.957437E-03
+873.600E-06,+45.884107E-03,+120.040514E-03
+880.800E-06,+46.405268E-03,+120.149177E-03
+888.000E-06,+46.921521E-03,+120.295573E-03
+895.200E-06,+47.306257E-03,+120.388852E-03
+902.400E-06,+47.633087E-03,+120.567961E-03
+909.600E-06,+48.038434E-03,+120.691361E-03
+916.800E-06,+48.574316E-03,+120.813789E-03
+924.000E-06,+49.204420E-03,+120.918080E-03
+931.200E-06,+49.824709E-03,+120.999861E-03
+938.400E-06,+50.557867E-03,+121.026906E-03
+945.600E-06,+51.212507E-03,+121.213301E-03
+952.800E-06,+51.671835E-03,+121.279050E-03
+960.000E-06,+51.979035E-03,+121.472086E-03
+967.200E-06,+52.208699E-03,+121.648279E-03
+974.400E-06,+52.533566E-03,+121.827226E-03
+981.600E-06,+52.865302E-03,+121.966658E-03
+988.800E-06,+53.165632E-03,+122.040342E-03
+996.000E-06,+53.616127E-03,+122.094593E-03
+1.003200E-03,+54.164769E-03,+122.198560E-03
+1.010400E-03,+54.829224E-03,+122.341555E-03
+1.017600E-03,+55.504475E-03,+122.457830E-03
+1.024800E-03,+56.154208E-03,+122.576534E-03
+1.032000E-03,+56.636110E-03,+122.701553E-03
+1.039200E-03,+57.042438E-03,+122.866897E-03
+1.046400E-03,+57.603839E-03,+122.988515E-03
+1.053600E-03,+58.177017E-03,+123.094588E-03
+1.060800E-03,+58.740381E-03,+123.188676E-03
+1.068000E-03,+59.414651E-03,+123.267380E-03
+1.075200E-03,+59.990773E-03,+123.337502E-03
+1.082400E-03,+60.608118E-03,+123.412967E-03
+1.089600E-03,+61.127316E-03,+123.547865E-03
+1.096800E-03,+61.505181E-03,+123.691832E-03
+1.104000E-03,+61.891881E-03,+123.885839E-03
+1.111200E-03,+62.334523E-03,+124.061709E-03
+1.118400E-03,+62.729074E-03,+124.217983E-03
+1.125600E-03,+63.312067E-03,+124.318873E-03
+1.132800E-03,+63.921560E-03,+124.363569E-03
+1.140000E-03,+64.659626E-03,+124.484702E-03
+1.147200E-03,+65.429098E-03,+124.605188E-03
+1.154400E-03,+66.144589E-03,+124.765511E-03
+1.161600E-03,+66.629435E-03,+124.944457E-03
+1.168800E-03,+66.982765E-03,+125.107695E-03
+1.176000E-03,+67.326279E-03,+125.234010E-03
+1.183200E-03,+67.686478E-03,+125.439515E-03
+1.190400E-03,+68.028030E-03,+125.497329E-03
+1.197600E-03,+68.301860E-03,+125.574899E-03
+1.204800E-03,+68.675800E-03,+125.708664E-03
+1.212000E-03,+69.011463E-03,+125.761133E-03
+1.219200E-03,+69.398162E-03,+125.919189E-03
+1.226400E-03,+69.822157E-03,+126.056031E-03
+1.233600E-03,+70.183338E-03,+126.226556E-03
+1.240800E-03,+70.550407E-03,+126.398377E-03
+1.248000E-03,+70.900792E-03,+126.622344E-03
+1.255200E-03,+71.342454E-03,+126.758052E-03
+1.262400E-03,+71.909743E-03,+126.795136E-03
+1.269600E-03,+72.539847E-03,+126.894083E-03
+1.276800E-03,+73.264172E-03,+126.982828E-03
+1.284000E-03,+74.131791E-03,+127.147199E-03
+1.291200E-03,+74.872801E-03,+127.288899E-03
+1.298400E-03,+75.352739E-03,+127.436753E-03
+1.305600E-03,+75.732568E-03,+127.620557E-03
+1.312800E-03,+76.090805E-03,+127.844038E-03
+1.320000E-03,+76.506948E-03,+127.985576E-03
+1.327200E-03,+76.891684E-03,+128.114158E-03
+1.334400E-03,+77.291142E-03,+128.183308E-03
+1.341600E-03,+77.819173E-03,+128.262336E-03
+1.348800E-03,+78.421796E-03,+128.413914E-03
+1.356000E-03,+79.135324E-03,+128.523063E-03
+1.363200E-03,+79.830205E-03,+128.647435E-03
+1.370400E-03,+80.343514E-03,+128.848244E-03
+1.377600E-03,+80.798916E-03,+129.042251E-03
+1.384800E-03,+81.219966E-03,+129.213262E-03
+1.392000E-03,+81.772534E-03,+129.350913E-03
+1.399200E-03,+82.316268E-03,+129.412613E-03
+1.406400E-03,+82.870798E-03,+129.491803E-03
+1.413600E-03,+83.481273E-03,+129.608078E-03
+1.420800E-03,+84.101562E-03,+129.733098E-03
+1.428000E-03,+84.602111E-03,+129.865729E-03
+1.435200E-03,+85.028069E-03,+130.018278E-03
+1.442400E-03,+85.402991E-03,+130.217954E-03
+1.449600E-03,+85.729820E-03,+130.349937E-03
+1.456800E-03,+86.141056E-03,+130.589288E-03
+1.464000E-03,+86.587625E-03,+130.699733E-03
+1.471200E-03,+87.121544E-03,+130.750097E-03
+1.478400E-03,+87.790907E-03,+130.868477E-03
+1.485600E-03,+88.585897E-03,+130.969529E-03
+1.492800E-03,+89.402480E-03,+131.116573E-03
+1.500000E-03,+90.133675E-03,+131.270094E-03
+1.507200E-03,+90.566503E-03,+131.492441E-03
+1.514400E-03,+90.971850E-03,+131.690983E-03
+1.521600E-03,+91.435104E-03,+131.846124E-03
+1.528800E-03,+91.838488E-03,+131.996406E-03
+1.536000E-03,+92.298798E-03,+132.080293E-03
+1.543200E-03,+92.774811E-03,+132.179401E-03
+1.550400E-03,+93.340137E-03,+132.279806E-03
+1.557600E-03,+93.905464E-03,+132.381020E-03
+1.564800E-03,+94.560104E-03,+132.546687E-03
+1.572000E-03,+95.023358E-03,+132.755431E-03
+1.579200E-03,+95.445390E-03,+132.951543E-03
+1.586400E-03,+95.861533E-03,+133.164174E-03
+1.593600E-03,+96.328713E-03,+133.293404E-03
+1.600800E-03,+96.920539E-03,+133.402067E-03
+1.608000E-03,+97.517273E-03,+133.506035E-03
+1.615200E-03,+98.205283E-03,+133.574050E-03
+1.622400E-03,+98.940404E-03,+133.739070E-03
+1.629600E-03,+99.590137E-03,+133.874778E-03
+1.636800E-03,+100.072039E-03,+134.041417E-03
+1.644000E-03,+100.418498E-03,+134.292589E-03
+1.651200E-03,+100.737475E-03,+134.456961E-03
+1.658400E-03,+101.103564E-03,+134.636717E-03
+1.665600E-03,+101.527559E-03,+134.772587E-03
+1.672800E-03,+101.951553E-03,+134.866028E-03
+1.680000E-03,+102.515899E-03,+134.986675E-03
+1.687200E-03,+103.120484E-03,+135.054043E-03
+1.694400E-03,+103.839901E-03,+135.212585E-03
+1.701600E-03,+104.518097E-03,+135.354608E-03
+1.708800E-03,+105.013739E-03,+135.558008E-03
+1.716000E-03,+105.419086E-03,+135.746671E-03
+1.723200E-03,+105.871544E-03,+136.006751E-03
+1.730400E-03,+106.320076E-03,+136.153147E-03
+1.737600E-03,+106.813755E-03,+136.245130E-03
+1.744800E-03,+107.379082E-03,+136.348774E-03
+1.752000E-03,+107.944408E-03,+136.470716E-03
+1.759200E-03,+108.538198E-03,+136.653711E-03
+1.766400E-03,+108.971026E-03,+136.820026E-03
+1.773600E-03,+109.395021E-03,+137.012090E-03
+1.780800E-03,+109.714980E-03,+137.202373E-03
+1.788000E-03,+110.085976E-03,+137.462614E-03
+1.795200E-03,+110.442249E-03,+137.604152E-03
+1.802400E-03,+110.915318E-03,+137.741803E-03
+1.809600E-03,+111.430589E-03,+137.857754E-03
+1.816800E-03,+112.115655E-03,+137.961235E-03
+1.824000E-03,+112.926349E-03,+138.118481E-03
+1.831200E-03,+113.698766E-03,+138.251436E-03
+1.838400E-03,+114.362240E-03,+138.456294E-03
+1.845600E-03,+114.853956E-03,+138.680908E-03
+1.852800E-03,+115.189619E-03,+138.873943E-03
+1.860000E-03,+115.626373E-03,+139.131594E-03
+1.867200E-03,+116.058219E-03,+139.221958E-03
+1.874400E-03,+116.493011E-03,+139.365115E-03
+1.881600E-03,+117.052448E-03,+139.476046E-03
+1.888800E-03,+117.586368E-03,+139.574831E-03
+1.896000E-03,+118.203713E-03,+139.778068E-03
+1.903200E-03,+118.782780E-03,+139.971752E-03
+1.910400E-03,+119.303940E-03,+140.189241E-03
+1.917600E-03,+119.677880E-03,+140.436689E-03
+1.924800E-03,+120.057709E-03,+140.624380E-03
+1.932000E-03,+120.598499E-03,+140.808185E-03
+1.939200E-03,+121.077456E-03,+140.898711E-03
+1.946400E-03,+121.694801E-03,+141.020006E-03
+1.953600E-03,+122.422070E-03,+141.168507E-03
+1.960800E-03,+123.105173E-03,+141.313607E-03
+1.968000E-03,+123.747054E-03,+141.495145E-03
+1.975200E-03,+124.237789E-03,+141.696925E-03
+1.982400E-03,+124.611729E-03,+141.949070E-03
+1.989600E-03,+124.972910E-03,+142.160405E-03
+1.996800E-03,+125.454812E-03,+142.405100E-03
+2.004000E-03,+125.927880E-03,+142.469877E-03
+2.011200E-03,+126.537373E-03,+142.581779E-03
+2.018400E-03,+127.191032E-03,+142.687366E-03
+2.025600E-03,+127.970319E-03,+142.830523E-03
+2.032800E-03,+128.849716E-03,+143.006717E-03
+2.040000E-03,+129.604466E-03,+143.182586E-03
+2.047200E-03,+130.123664E-03,+143.391492E-03
+2.054400E-03,+130.516252E-03,+143.602827E-03
+2.061600E-03,+131.034468E-03,+143.830842E-03
+2.068800E-03,+131.489870E-03,+144.003149E-03
+2.076000E-03,+131.973734E-03,+144.095618E-03
+2.083200E-03,+132.410488E-03,+144.197318E-03
+2.090400E-03,+132.913001E-03,+144.317803E-03
+2.097600E-03,+133.374292E-03,+144.435212E-03
+2.104800E-03,+133.855212E-03,+144.631972E-03
+2.112000E-03,+134.222282E-03,+144.840878E-03
+2.119200E-03,+134.614870E-03,+145.114075E-03
+2.126400E-03,+134.955440E-03,+145.341766E-03
+2.133600E-03,+135.394157E-03,+145.509214E-03
+2.140800E-03,+135.865262E-03,+145.675853E-03
+2.148000E-03,+136.430589E-03,+145.781278E-03
+2.155200E-03,+137.162765E-03,+145.933180E-03
+2.162400E-03,+137.929293E-03,+146.068888E-03
+2.169600E-03,+138.691895E-03,+146.260304E-03
+2.176800E-03,+139.263111E-03,+146.431477E-03
+2.184000E-03,+139.614477E-03,+146.663703E-03
+2.191200E-03,+139.957010E-03,+146.947750E-03
+2.198400E-03,+140.373153E-03,+147.124591E-03
+2.205600E-03,+140.770649E-03,+147.276655E-03
+2.212800E-03,+141.163236E-03,+147.356493E-03
+2.220000E-03,+141.587231E-03,+147.496735E-03
+2.227200E-03,+142.083855E-03,+147.620945E-03
+2.234400E-03,+142.617775E-03,+147.750499E-03
+2.241600E-03,+143.173287E-03,+147.921024E-03
+2.248800E-03,+143.631633E-03,+148.088959E-03
+2.256000E-03,+143.989870E-03,+148.303371E-03
+2.263200E-03,+144.332403E-03,+148.477135E-03
+2.270400E-03,+144.775046E-03,+148.612033E-03
+2.277600E-03,+145.170578E-03,+148.710818E-03
+2.284800E-03,+145.632850E-03,+148.797943E-03
+2.292000E-03,+146.210936E-03,+148.878267E-03
+2.299200E-03,+146.846928E-03,+149.040371E-03
+2.306400E-03,+147.394589E-03,+149.193731E-03
+2.313600E-03,+147.785213E-03,+149.356483E-03
+2.320800E-03,+148.062969E-03,+149.493972E-03
+2.328000E-03,+148.293615E-03,+149.722635E-03
+2.335200E-03,+148.596889E-03,+149.871136E-03
+2.342400E-03,+148.910959E-03,+150.004091E-03
+2.349600E-03,+149.237789E-03,+150.037613E-03
+2.356800E-03,+149.601914E-03,+150.145791E-03
+2.364000E-03,+150.064186E-03,+150.292835E-03
+2.371200E-03,+150.585347E-03,+150.406518E-03
+2.378400E-03,+151.097674E-03,+150.618501E-03
+2.385600E-03,+151.579576E-03,+150.783358E-03
+2.392800E-03,+152.014367E-03,+150.990483E-03
+2.400000E-03,+152.433455E-03,+151.190968E-03
+2.407200E-03,+152.932041E-03,+151.311453E-03
+2.414400E-03,+153.505220E-03,+151.398902E-03
+2.421600E-03,+154.226600E-03,+151.517282E-03
+2.428800E-03,+154.886148E-03,+151.673233E-03
+2.436000E-03,+155.695860E-03,+151.841329E-03
+2.443200E-03,+156.322038E-03,+151.999709E-03
+2.450400E-03,+156.753885E-03,+152.181408E-03
+2.457600E-03,+157.118010E-03,+152.425941E-03
+2.464800E-03,+157.542005E-03,+152.640677E-03
+2.472000E-03,+157.904168E-03,+152.836952E-03
+2.479200E-03,+158.387051E-03,+152.988044E-03
+2.486400E-03,+158.944526E-03,+153.132173E-03
+2.493600E-03,+159.546167E-03,+153.218650E-03
+2.500800E-03,+160.320546E-03,+153.363913E-03
+2.508000E-03,+161.139092E-03,+153.549013E-03
+2.515200E-03,+161.901694E-03,+153.680834E-03
+2.522400E-03,+162.410096E-03,+153.939456E-03
+2.529600E-03,+162.782073E-03,+154.151439E-03
+2.536800E-03,+163.252197E-03,+154.428037E-03
+2.544000E-03,+163.686988E-03,+154.545769E-03
+2.551200E-03,+164.168890E-03,+154.708036E-03
+2.558400E-03,+164.602699E-03,+154.765039E-03
+2.565600E-03,+165.048286E-03,+154.962447E-03
+2.572800E-03,+165.503688E-03,+155.081151E-03
+2.580000E-03,+165.971850E-03,+155.224146E-03
+2.587200E-03,+166.372289E-03,+155.460259E-03
+2.594400E-03,+166.715804E-03,+155.683739E-03
+2.601600E-03,+167.100540E-03,+155.893779E-03
+2.608800E-03,+167.466628E-03,+156.131024E-03
+2.616000E-03,+167.953437E-03,+156.304303E-03
+2.623200E-03,+168.528579E-03,+156.407784E-03
+2.630400E-03,+169.144942E-03,+156.567622E-03
+2.637600E-03,+169.917358E-03,+156.718876E-03
+2.644800E-03,+170.705479E-03,+156.886162E-03
+2.652000E-03,+171.298286E-03,+157.109643E-03
+2.659200E-03,+171.712467E-03,+157.314015E-03
+2.666400E-03,+172.026537E-03,+157.572799E-03
+2.673600E-03,+172.433847E-03,+157.785915E-03
+2.680800E-03,+172.748899E-03,+158.011339E-03
+2.688000E-03,+173.130691E-03,+158.133444E-03
+2.695200E-03,+173.540945E-03,+158.271257E-03
+2.702400E-03,+174.024810E-03,+158.383645E-03
+2.709600E-03,+174.587192E-03,+158.590284E-03
+2.716800E-03,+175.223184E-03,+158.819432E-03
+2.724000E-03,+175.820899E-03,+159.013925E-03
+2.731200E-03,+176.328319E-03,+159.277568E-03
+2.738400E-03,+176.760166E-03,+159.509146E-03
+2.745600E-03,+177.259734E-03,+159.752383E-03
+2.752800E-03,+177.856468E-03,+159.918050E-03
+2.760000E-03,+178.494423E-03,+160.025256E-03
+2.767200E-03,+179.141212E-03,+160.171328E-03
+2.774400E-03,+179.871425E-03,+160.260559E-03
+2.781600E-03,+180.444604E-03,+160.450032E-03
+2.788800E-03,+180.883321E-03,+160.656832E-03
+2.796000E-03,+181.194447E-03,+160.881770E-03
+2.803200E-03,+181.511462E-03,+161.160797E-03
+2.810400E-03,+181.844180E-03,+161.383630E-03
+2.817600E-03,+182.149417E-03,+161.560471E-03
+2.824800E-03,+182.542005E-03,+161.682738E-03
+2.832000E-03,+182.985629E-03,+161.775693E-03
+2.839200E-03,+183.616714E-03,+161.919660E-03
+2.846400E-03,+184.346928E-03,+162.119983E-03
+2.853600E-03,+185.105604E-03,+162.348322E-03
+2.860800E-03,+185.734726E-03,+162.562248E-03
+2.868000E-03,+186.203869E-03,+162.815526E-03
+2.875200E-03,+186.588605E-03,+163.093581E-03
+2.882400E-03,+187.061674E-03,+163.321596E-03
+2.889600E-03,+187.614241E-03,+163.475766E-03
+2.896800E-03,+188.082402E-03,+163.588154E-03
+2.904000E-03,+188.660488E-03,+163.759165E-03
+2.911200E-03,+189.194407E-03,+163.902646E-03
+2.918400E-03,+189.675328E-03,+164.054386E-03
+2.925600E-03,+190.236728E-03,+164.262806E-03
+2.932800E-03,+190.629316E-03,+164.520781E-03
+2.940000E-03,+191.053311E-03,+164.758512E-03
+2.947200E-03,+191.450807E-03,+165.083693E-03
+2.954400E-03,+191.952338E-03,+165.225717E-03
+2.961600E-03,+192.492146E-03,+165.364177E-03
+2.968800E-03,+193.085935E-03,+165.533083E-03
+2.976000E-03,+193.857371E-03,+165.657131E-03
+2.983200E-03,+194.703398E-03,+165.817293E-03
+2.990400E-03,+195.360982E-03,+165.985875E-03
+2.997600E-03,+195.858588E-03,+166.192513E-03
+3.004800E-03,+196.156954E-03,+166.447735E-03
+3.012000E-03,+196.549542E-03,+166.698746E-03
+3.019200E-03,+196.932316E-03,+166.858097E-03
+3.026400E-03,+197.303311E-03,+167.026032E-03
+3.033600E-03,+197.732214E-03,+167.164654E-03
+3.040800E-03,+198.239633E-03,+167.265545E-03
+3.048000E-03,+198.804960E-03,+167.418094E-03
+3.055200E-03,+199.455675E-03,+167.615664E-03
+3.062400E-03,+200.092649E-03,+167.824084E-03
+3.069600E-03,+200.569643E-03,+167.991047E-03
+3.076800E-03,+200.993638E-03,+168.276390E-03
+3.084000E-03,+201.446095E-03,+168.438818E-03
+3.091200E-03,+201.977071E-03,+168.670396E-03
+3.098400E-03,+202.523749E-03,+168.803675E-03
+3.105600E-03,+203.117539E-03,+168.914281E-03
+3.112800E-03,+203.761383E-03,+169.036224E-03
+3.120000E-03,+204.322784E-03,+169.180677E-03
+3.127200E-03,+204.778186E-03,+169.320595E-03
+3.134400E-03,+205.108941E-03,+169.511364E-03
+3.141600E-03,+205.409271E-03,+169.706018E-03
+3.148800E-03,+205.694878E-03,+169.962859E-03
+3.156000E-03,+205.971653E-03,+170.183101E-03
+3.163200E-03,+206.364241E-03,+170.315408E-03
+3.170400E-03,+206.785291E-03,+170.407230E-03
+3.177600E-03,+207.289767E-03,+170.544719E-03
+3.184800E-03,+207.951278E-03,+170.686742E-03
+3.192000E-03,+208.697195E-03,+170.906984E-03
+3.199200E-03,+209.414649E-03,+171.018239E-03
+3.206400E-03,+209.939735E-03,+171.226983E-03
+3.213600E-03,+210.337231E-03,+171.520099E-03
+3.220800E-03,+210.824040E-03,+171.725928E-03
+3.228000E-03,+211.276497E-03,+171.907951E-03
+3.235200E-03,+211.797658E-03,+171.994914E-03
+3.242400E-03,+212.309985E-03,+172.108598E-03
+3.249600E-03,+212.875312E-03,+172.237342E-03
+3.256800E-03,+213.443583E-03,+172.348597E-03
+3.264000E-03,+213.933336E-03,+172.483657E-03
+3.271200E-03,+214.388738E-03,+172.699364E-03
+3.278400E-03,+214.749919E-03,+172.900497E-03
+3.285600E-03,+215.145451E-03,+173.136609E-03
+3.292800E-03,+215.566502E-03,+173.323652E-03
+3.300000E-03,+216.097477E-03,+173.487052E-03
+3.307200E-03,+216.675563E-03,+173.559441E-03
+3.314400E-03,+217.389092E-03,+173.676687E-03
+3.321600E-03,+218.192915E-03,+173.790371E-03
+3.328800E-03,+218.993795E-03,+173.939196E-03
+3.336000E-03,+219.628806E-03,+174.099843E-03
+3.343200E-03,+220.047893E-03,+174.289478E-03
+3.350400E-03,+220.429685E-03,+174.499193E-03
+3.357600E-03,+220.821292E-03,+174.721702E-03
+3.364800E-03,+221.219768E-03,+174.890932E-03
+3.372000E-03,+221.583894E-03,+175.019191E-03
+3.379200E-03,+222.046166E-03,+175.080729E-03
+3.386400E-03,+222.611493E-03,+175.237489E-03
+3.393600E-03,+223.249448E-03,+175.378217E-03
+3.400800E-03,+223.899181E-03,+175.509715E-03
+3.408000E-03,+224.495915E-03,+175.711009E-03
+3.415200E-03,+224.960150E-03,+175.922992E-03
+3.422400E-03,+225.396904E-03,+176.115218E-03
+3.429600E-03,+225.880769E-03,+176.325743E-03
+3.436800E-03,+226.443151E-03,+176.458698E-03
+3.444000E-03,+227.039884E-03,+176.552624E-03
+3.451200E-03,+227.677840E-03,+176.649466E-03
+3.458400E-03,+228.324628E-03,+176.768980E-03
+3.465600E-03,+228.856585E-03,+176.910032E-03
+3.472800E-03,+229.281562E-03,+177.045577E-03
+3.480000E-03,+229.575021E-03,+177.255455E-03
+3.487200E-03,+229.906758E-03,+177.459503E-03
+3.494400E-03,+230.228680E-03,+177.596020E-03
+3.501600E-03,+230.563361E-03,+177.780149E-03
+3.508800E-03,+230.976560E-03,+177.824035E-03
+3.516000E-03,+231.556609E-03,+177.932213E-03
+3.523200E-03,+232.200453E-03,+178.032941E-03
+3.530400E-03,+232.964036E-03,+178.134479E-03
+3.537600E-03,+233.739398E-03,+178.329782E-03
+3.544800E-03,+234.240929E-03,+178.500631E-03
+3.552000E-03,+234.714979E-03,+178.701440E-03
+3.559200E-03,+235.124252E-03,+178.852856E-03
+3.566400E-03,+235.604190E-03,+178.995365E-03
+3.573600E-03,+236.119462E-03,+179.100142E-03
+3.580800E-03,+236.681844E-03,+179.209130E-03
+3.588000E-03,+237.278578E-03,+179.293340E-03
+3.595200E-03,+237.885126E-03,+179.403137E-03
+3.602400E-03,+238.500508E-03,+179.573338E-03
+3.609600E-03,+239.001057E-03,+179.718439E-03
+3.616800E-03,+239.482959E-03,+179.914227E-03
+3.624000E-03,+239.897139E-03,+180.090583E-03
+3.631200E-03,+240.330949E-03,+180.255602E-03
+3.638400E-03,+240.989515E-03,+180.423051E-03
+3.645600E-03,+241.638267E-03,+180.507909E-03
+3.652800E-03,+242.376332E-03,+180.581431E-03
+3.660000E-03,+243.202730E-03,+180.740296E-03
+3.667200E-03,+243.915277E-03,+180.888312E-03
+3.674400E-03,+244.495326E-03,+181.047825E-03
+3.681600E-03,+244.848655E-03,+181.291872E-03
+3.688800E-03,+245.233391E-03,+181.478592E-03
+3.696000E-03,+245.623034E-03,+181.721506E-03
+3.703200E-03,+245.990104E-03,+181.851060E-03
+3.710400E-03,+246.387599E-03,+181.942881E-03
+3.717600E-03,+246.949000E-03,+182.069358E-03
+3.724800E-03,+247.558493E-03,+182.195997E-03
+3.732000E-03,+248.290669E-03,+182.335592E-03
+3.739200E-03,+249.118048E-03,+182.527332E-03
+3.746400E-03,+249.747171E-03,+182.749031E-03
+3.753600E-03,+250.181962E-03,+182.980447E-03
+3.760800E-03,+250.613809E-03,+183.211701E-03
+3.768000E-03,+251.160487E-03,+183.332672E-03
+3.775200E-03,+251.725814E-03,+183.439878E-03
+3.782400E-03,+252.264641E-03,+183.576234E-03
+3.789600E-03,+252.825060E-03,+183.668865E-03
+3.796800E-03,+253.338369E-03,+183.819471E-03
+3.804000E-03,+253.864437E-03,+183.982547E-03
+3.811200E-03,+254.255062E-03,+184.133640E-03
+3.818400E-03,+254.621150E-03,+184.309833E-03
+3.825600E-03,+254.972516E-03,+184.553071E-03
+3.832800E-03,+255.343512E-03,+184.720681E-03
+3.840000E-03,+255.808728E-03,+184.822705E-03
+3.847200E-03,+256.399573E-03,+184.891045E-03
+3.854400E-03,+257.084639E-03,+185.001166E-03
+3.861600E-03,+257.872759E-03,+185.113716E-03
+3.868800E-03,+258.681491E-03,+185.257683E-03
+3.876000E-03,+259.339075E-03,+185.399059E-03
+3.883200E-03,+259.756200E-03,+185.591770E-03
+3.890400E-03,+260.094807E-03,+185.803267E-03
+3.897600E-03,+260.478562E-03,+185.996303E-03
+3.904800E-03,+260.845632E-03,+186.109662E-03
+3.912000E-03,+261.180313E-03,+186.210715E-03
+3.919200E-03,+261.590567E-03,+186.342212E-03
+3.926400E-03,+261.923285E-03,+186.451523E-03
+3.933600E-03,+262.315873E-03,+186.609579E-03
+3.940800E-03,+262.739868E-03,+186.749012E-03
+3.948000E-03,+263.195270E-03,+187.012492E-03
+3.955200E-03,+263.578044E-03,+187.182694E-03
+3.962400E-03,+263.949039E-03,+187.409737E-03
+3.969600E-03,+264.341627E-03,+187.521801E-03
+3.976800E-03,+264.882417E-03,+187.615242E-03
+3.984000E-03,+265.460503E-03,+187.725525E-03
+3.991200E-03,+266.242734E-03,+187.819614E-03
+3.998400E-03,+267.062262E-03,+187.937832E-03
+4.005600E-03,+267.831734E-03,+188.088600E-03
+4.012800E-03,+268.419634E-03,+188.246656E-03
+4.020000E-03,+268.804370E-03,+188.394024E-03
+4.027200E-03,+269.167514E-03,+188.585440E-03
+4.034400E-03,+269.602305E-03,+188.750135E-03
+4.041600E-03,+270.026300E-03,+188.834831E-03
+4.048800E-03,+270.450295E-03,+188.963737E-03
+4.056000E-03,+270.998937E-03,+189.045033E-03
+4.063200E-03,+271.726206E-03,+189.147704E-03
+4.070400E-03,+272.500586E-03,+189.303331E-03
+4.077600E-03,+273.296558E-03,+189.396286E-03
+4.084800E-03,+273.909977E-03,+189.583653E-03
+4.092000E-03,+274.407582E-03,+189.784624E-03
+4.099200E-03,+274.778577E-03,+189.915150E-03
+4.106400E-03,+275.356663E-03,+190.006809E-03
+4.113600E-03,+275.857213E-03,+190.104299E-03
+4.120800E-03,+276.386225E-03,+190.165513E-03
+4.128000E-03,+276.914256E-03,+190.268832E-03
+4.135200E-03,+277.404009E-03,+190.422516E-03
+4.142400E-03,+277.815245E-03,+190.506078E-03
+4.149600E-03,+278.182315E-03,+190.662353E-03
+4.156800E-03,+278.464978E-03,+190.814093E-03
+4.164000E-03,+278.716234E-03,+190.920813E-03
+4.171200E-03,+279.019509E-03,+191.026723E-03
+4.178400E-03,+279.369893E-03,+191.132148E-03
+4.185600E-03,+279.663353E-03,+191.197087E-03
+4.192800E-03,+280.073607E-03,+191.246641E-03
+4.200000E-03,+280.557472E-03,+191.356924E-03
+4.207200E-03,+281.122798E-03,+191.434657E-03
+4.214400E-03,+281.683218E-03,+191.499757E-03
+4.221600E-03,+282.120953E-03,+191.630769E-03
+4.228800E-03,+282.422265E-03,+191.734898E-03
+4.236000E-03,+282.736335E-03,+191.855221E-03
+4.243200E-03,+283.154441E-03,+191.965666E-03
+4.250400E-03,+283.585306E-03,+191.998540E-03
+4.257600E-03,+284.075060E-03,+192.040807E-03
+4.264800E-03,+284.637442E-03,+192.130847E-03
+4.272000E-03,+285.070270E-03,+192.193681E-03
+4.279200E-03,+285.481506E-03,+192.292304E-03
+4.286400E-03,+285.814224E-03,+192.379105E-03
+4.293600E-03,+286.153813E-03,+192.522262E-03
+4.300800E-03,+286.379551E-03,+192.658942E-03
+4.308000E-03,+286.725028E-03,+192.797889E-03
+4.315200E-03,+287.100931E-03,+192.893921E-03
+4.322400E-03,+287.532778E-03,+192.920479E-03
+4.329600E-03,+288.126567E-03,+193.018454E-03
+4.336800E-03,+288.761578E-03,+193.085013E-03
+4.344000E-03,+289.559513E-03,+193.203231E-03
+4.351200E-03,+290.259301E-03,+193.281773E-03
+4.358400E-03,+290.701944E-03,+193.410031E-03
+4.365600E-03,+291.116124E-03,+193.581205E-03
+4.372800E-03,+291.560730E-03,+193.712216E-03
+4.380000E-03,+292.023984E-03,+193.782985E-03
+4.387200E-03,+292.482330E-03,+193.874806E-03
+4.394400E-03,+292.969139E-03,+193.940717E-03
+4.401600E-03,+293.476559E-03,+194.004846E-03
+4.408800E-03,+293.971220E-03,+194.094401E-03
+4.416000E-03,+294.429567E-03,+194.250675E-03
+4.423200E-03,+294.828043E-03,+194.360958E-03
+4.430400E-03,+295.162724E-03,+194.465573E-03
+4.437600E-03,+295.544516E-03,+194.586220E-03
+4.444800E-03,+295.910604E-03,+194.731320E-03
+4.452000E-03,+296.449431E-03,+194.802251E-03
+4.459200E-03,+297.024573E-03,+194.844356E-03
+4.466400E-03,+297.728287E-03,+194.929214E-03
+4.473600E-03,+298.537018E-03,+195.030752E-03
+4.480800E-03,+299.338879E-03,+195.150590E-03
+4.488000E-03,+299.957205E-03,+195.234962E-03
+4.495200E-03,+300.412607E-03,+195.450993E-03
+4.502400E-03,+300.810102E-03,+195.633178E-03
+4.509600E-03,+301.273356E-03,+195.835121E-03
+4.516800E-03,+301.736609E-03,+196.028804E-03
+4.524000E-03,+302.259733E-03,+196.157386E-03
+4.531200E-03,+302.798560E-03,+196.239491E-03
+4.538400E-03,+303.522885E-03,+196.436737E-03
+4.545600E-03,+304.268802E-03,+196.627829E-03
+4.552800E-03,+305.074588E-03,+196.838517E-03
+4.560000E-03,+305.719414E-03,+197.102321E-03
+4.567200E-03,+306.222908E-03,+197.475922E-03
+4.574400E-03,+306.656718E-03,+197.771144E-03
+4.581600E-03,+307.165119E-03,+198.085960E-03
+4.588800E-03,+307.724557E-03,+198.361748E-03
+4.596000E-03,+308.271236E-03,+198.526443E-03
+4.603200E-03,+308.875821E-03,+198.705876E-03
+4.610400E-03,+309.448999E-03,+198.991704E-03
+4.617600E-03,+309.913235E-03,+199.206926E-03
+4.624800E-03,+310.343118E-03,+199.472026E-03
+4.632000E-03,+310.720003E-03,+199.757369E-03
+4.639200E-03,+311.062536E-03,+200.106841E-03
+4.646400E-03,+311.425680E-03,+200.387001E-03
+4.653600E-03,+311.888933E-03,+200.638822E-03
+4.660800E-03,+312.404205E-03,+200.750076E-03
+4.668000E-03,+313.054920E-03,+200.850481E-03
+4.675200E-03,+313.795929E-03,+201.027322E-03
+4.682400E-03,+314.622327E-03,+201.135014E-03
+4.689600E-03,+315.345670E-03,+201.297118E-03
+4.696800E-03,+315.864868E-03,+201.493392E-03
+4.704000E-03,+316.189734E-03,+201.711853E-03
+4.711200E-03,+316.599989E-03,+201.927236E-03
+4.718400E-03,+317.021039E-03,+202.091932E-03
+4.725600E-03,+317.346887E-03,+202.202701E-03
+4.732800E-03,+317.728679E-03,+202.288854E-03
+4.740000E-03,+318.170340E-03,+202.348449E-03
+4.747200E-03,+318.612983E-03,+202.434117E-03
+4.754400E-03,+319.096848E-03,+202.562051E-03
+4.761600E-03,+319.680823E-03,+202.719135E-03
+4.768800E-03,+320.199039E-03,+202.887556E-03
+4.776000E-03,+320.623034E-03,+203.064721E-03
+4.783200E-03,+321.044084E-03,+203.231845E-03
+4.790400E-03,+321.543652E-03,+203.366906E-03
+4.797600E-03,+322.171793E-03,+203.437512E-03
+4.804800E-03,+322.830359E-03,+203.522532E-03
+4.812000E-03,+323.610628E-03,+203.618240E-03
+4.819200E-03,+324.370285E-03,+203.708928E-03
+4.826400E-03,+324.954260E-03,+203.824393E-03
+4.833600E-03,+325.344885E-03,+203.993299E-03
+4.840800E-03,+325.609882E-03,+204.185363E-03
+4.848000E-03,+325.952415E-03,+204.369816E-03
+4.855200E-03,+326.279244E-03,+204.467305E-03
+4.862400E-03,+326.611963E-03,+204.597507E-03
+4.869600E-03,+327.014365E-03,+204.672162E-03
+4.876800E-03,+327.542396E-03,+204.795077E-03
+4.884000E-03,+328.146000E-03,+204.878801E-03
+4.891200E-03,+328.871306E-03,+205.000906E-03
+4.898400E-03,+329.555391E-03,+205.164791E-03
+4.905600E-03,+330.013737E-03,+205.336612E-03
+4.912800E-03,+330.387677E-03,+205.507948E-03
+4.920000E-03,+330.819524E-03,+205.679607E-03
+4.927200E-03,+331.314185E-03,+205.762845E-03
+4.934400E-03,+331.823567E-03,+205.899039E-03
+4.941600E-03,+332.410486E-03,+205.971913E-03
+4.948800E-03,+333.007220E-03,+206.074261E-03
+4.956000E-03,+333.518566E-03,+206.178714E-03
+4.963200E-03,+333.929802E-03,+206.317174E-03
+4.970400E-03,+334.243872E-03,+206.475878E-03
+4.977600E-03,+334.526535E-03,+206.634582E-03
+4.984800E-03,+334.812143E-03,+206.865026E-03
+4.992000E-03,+335.164491E-03,+206.939520E-03
+4.999200E-03,+335.557079E-03,+207.092231E-03
+5.006400E-03,+336.053702E-03,+207.146968E-03
+5.013600E-03,+336.704417E-03,+207.200571E-03
+5.020800E-03,+337.476834E-03,+207.314578E-03
+5.028000E-03,+338.271824E-03,+207.469881E-03
+5.035200E-03,+338.995167E-03,+207.575306E-03
+5.042400E-03,+339.482958E-03,+207.732714E-03
+5.049600E-03,+339.880453E-03,+207.888989E-03
+5.056800E-03,+340.375114E-03,+208.034575E-03
+5.064000E-03,+340.775554E-03,+208.145020E-03
+5.071200E-03,+341.235863E-03,+208.155546E-03
+5.078400E-03,+341.665747E-03,+208.220971E-03
+5.085600E-03,+342.102501E-03,+208.287367E-03
+5.092800E-03,+342.597162E-03,+208.417731E-03
+5.100000E-03,+343.060416E-03,+208.569471E-03
+5.107200E-03,+343.545262E-03,+208.677487E-03
+5.114400E-03,+343.929998E-03,+208.821130E-03
+5.121600E-03,+344.314734E-03,+208.948578E-03
+5.128800E-03,+344.696526E-03,+209.030359E-03
+5.136000E-03,+345.260871E-03,+209.098699E-03
+5.143200E-03,+345.878215E-03,+209.187768E-03
+5.150400E-03,+346.594688E-03,+209.262423E-03
+5.157600E-03,+347.379864E-03,+209.332706E-03
+5.164800E-03,+348.118911E-03,+209.388576E-03
+5.172000E-03,+348.653812E-03,+209.497888E-03
+5.179200E-03,+349.036585E-03,+209.606227E-03
+5.186400E-03,+349.382063E-03,+209.812218E-03
+5.193600E-03,+349.795262E-03,+209.969302E-03
+5.200800E-03,+350.167239E-03,+210.029545E-03
+5.208000E-03,+350.564734E-03,+210.141933E-03
+5.215200E-03,+351.069209E-03,+210.177074E-03
+5.222400E-03,+351.699313E-03,+210.240880E-03
+5.229600E-03,+352.442286E-03,+210.391324E-03
+5.236800E-03,+353.169555E-03,+210.484279E-03
+5.244000E-03,+353.801621E-03,+210.601850E-03
+5.251200E-03,+354.322782E-03,+210.771404E-03
+5.258400E-03,+354.734018E-03,+210.909540E-03
+5.265600E-03,+355.274808E-03,+211.059013E-03
+5.272800E-03,+355.780265E-03,+211.145653E-03
+5.280000E-03,+356.342647E-03,+211.210268E-03
+5.287200E-03,+356.926621E-03,+211.288972E-03
+5.294400E-03,+357.473300E-03,+211.381927E-03
+5.301600E-03,+357.918887E-03,+211.466947E-03
+5.308800E-03,+358.265346E-03,+211.568161E-03
+5.316000E-03,+358.558806E-03,+211.721196E-03
+5.323200E-03,+358.804173E-03,+211.851560E-03
+5.330400E-03,+359.058374E-03,+211.984191E-03
+5.337600E-03,+359.379315E-03,+212.092207E-03
+5.344800E-03,+359.784662E-03,+212.165405E-03
+5.352000E-03,+360.268526E-03,+212.228400E-03
+5.359200E-03,+360.893723E-03,+212.298845E-03
+5.366400E-03,+361.638658E-03,+212.403784E-03
+5.373600E-03,+362.354150E-03,+212.564917E-03
+5.380800E-03,+362.948920E-03,+212.678924E-03
+5.388000E-03,+363.355249E-03,+212.785483E-03
+5.395200E-03,+363.749800E-03,+212.923944E-03
+5.402400E-03,+364.213054E-03,+213.036170E-03
+5.409600E-03,+364.676307E-03,+213.121837E-03
+5.416800E-03,+365.139561E-03,+213.165724E-03
+5.424000E-03,+365.639129E-03,+213.248476E-03
+5.431200E-03,+366.128883E-03,+213.330743E-03
+5.438400E-03,+366.623543E-03,+213.444751E-03
+5.445600E-03,+367.029872E-03,+213.572199E-03
+5.452800E-03,+367.446015E-03,+213.704668E-03
+5.460000E-03,+367.767937E-03,+213.934141E-03
+5.467200E-03,+368.141877E-03,+214.052197E-03
+5.474400E-03,+368.594335E-03,+214.140456E-03
+5.481600E-03,+369.093903E-03,+214.229848E-03
+5.488800E-03,+369.734803E-03,+214.312115E-03
+5.496000E-03,+370.433609E-03,+214.401507E-03
+5.503200E-03,+371.220748E-03,+214.520535E-03
+5.510400E-03,+371.821408E-03,+214.636972E-03
+5.517600E-03,+372.227736E-03,+214.774461E-03
+5.524800E-03,+372.623269E-03,+214.978023E-03
+5.532000E-03,+372.962857E-03,+215.145147E-03
+5.539200E-03,+373.377037E-03,+215.333972E-03
+5.546400E-03,+373.753922E-03,+215.374296E-03
+5.553600E-03,+374.192639E-03,+215.462393E-03
+5.560800E-03,+374.684355E-03,+215.569275E-03
+5.568000E-03,+375.191775E-03,+215.680691E-03
+5.575200E-03,+375.783601E-03,+215.875022E-03
+5.582400E-03,+376.287095E-03,+216.037289E-03
+5.589600E-03,+376.731701E-03,+216.219798E-03
+5.596800E-03,+377.119382E-03,+216.450728E-03
+5.604000E-03,+377.611098E-03,+216.598419E-03
+5.611200E-03,+378.139129E-03,+216.693642E-03
+5.618400E-03,+378.732918E-03,+216.773965E-03
+5.625600E-03,+379.436632E-03,+216.883600E-03
+5.632800E-03,+380.187457E-03,+217.017689E-03
+5.640000E-03,+380.850930E-03,+217.177364E-03
+5.647200E-03,+381.408405E-03,+217.338173E-03
+5.654400E-03,+381.741123E-03,+217.569751E-03
+5.661600E-03,+382.115063E-03,+217.795984E-03
+5.668800E-03,+382.484096E-03,+218.011530E-03
+5.676000E-03,+382.827610E-03,+218.194201E-03
+5.683200E-03,+383.222161E-03,+218.254120E-03
+5.690400E-03,+383.755099E-03,+218.410394E-03
+5.697600E-03,+384.367537E-03,+218.557438E-03
+5.704800E-03,+385.077139E-03,+218.708692E-03
+5.712000E-03,+385.785761E-03,+218.907882E-03
+5.719200E-03,+386.367772E-03,+219.092496E-03
+5.726400E-03,+386.829063E-03,+219.389661E-03
+5.733600E-03,+387.221651E-03,+219.577190E-03
+5.740800E-03,+387.718275E-03,+219.751764E-03
+5.748000E-03,+388.226676E-03,+219.809092E-03
+5.755200E-03,+388.754707E-03,+219.866743E-03
+5.762400E-03,+389.294515E-03,+220.027876E-03
+5.769600E-03,+389.822546E-03,+220.160345E-03
+5.776800E-03,+390.286781E-03,+220.308037E-03
+5.784000E-03,+390.630296E-03,+220.483259E-03
+5.791200E-03,+390.962033E-03,+220.658966E-03
+5.798400E-03,+391.221141E-03,+220.857994E-03
+5.805600E-03,+391.574470E-03,+221.037426E-03
+5.812800E-03,+392.031835E-03,+221.114187E-03
+5.820000E-03,+392.466626E-03,+221.184308E-03
+5.827200E-03,+393.093785E-03,+221.275643E-03
+5.834400E-03,+393.818110E-03,+221.380420E-03
+5.841600E-03,+394.584638E-03,+221.501067E-03
+5.848800E-03,+395.255963E-03,+221.623820E-03
+5.856000E-03,+395.743754E-03,+221.831430E-03
+5.863200E-03,+396.109842E-03,+222.058474E-03
+5.870400E-03,+396.565244E-03,+222.222521E-03
+5.877600E-03,+396.989239E-03,+222.314990E-03
+5.884800E-03,+397.439733E-03,+222.395800E-03
+5.892000E-03,+397.894154E-03,+222.522925E-03
+5.899200E-03,+398.407463E-03,+222.637904E-03
+5.906400E-03,+398.930586E-03,+222.793207E-03
+5.913600E-03,+399.433099E-03,+222.953530E-03
+5.920800E-03,+399.910093E-03,+223.141707E-03
+5.928000E-03,+400.313477E-03,+223.348670E-03
+5.935200E-03,+400.726676E-03,+223.553041E-03
+5.942400E-03,+401.249799E-03,+223.643891E-03
+5.949600E-03,+401.851440E-03,+223.775712E-03
+5.956800E-03,+402.520803E-03,+223.833526E-03
+5.964000E-03,+403.463995E-03,+223.972796E-03
+5.971200E-03,+404.383633E-03,+224.054091E-03
+5.978400E-03,+405.206104E-03,+224.185265E-03
+5.985600E-03,+405.788116E-03,+224.352551E-03
+5.992800E-03,+406.194444E-03,+224.539919E-03
+6.000000E-03,+406.719531E-03,+224.732954E-03
+6.007200E-03,+407.227932E-03,+224.856678E-03
+6.014400E-03,+407.683334E-03,+224.951901E-03
+6.021600E-03,+408.258475E-03,+224.971334E-03
+6.028800E-03,+408.913116E-03,+225.122426E-03
+6.036000E-03,+409.521627E-03,+225.246474E-03
+6.043200E-03,+410.185101E-03,+225.346069E-03
+6.050400E-03,+410.739631E-03,+225.461534E-03
+6.057600E-03,+411.169515E-03,+225.662180E-03
+6.064800E-03,+411.455123E-03,+225.779427E-03
+6.072000E-03,+411.808452E-03,+225.922908E-03
+6.079200E-03,+412.221651E-03,+226.067361E-03
+6.086400E-03,+412.604424E-03,+226.104284E-03
+6.093600E-03,+412.994067E-03,+226.239506E-03
+6.100800E-03,+413.440636E-03,+226.303797E-03
+6.108000E-03,+413.883279E-03,+226.432865E-03
+6.115200E-03,+414.273904E-03,+226.530840E-03
+6.122400E-03,+414.645881E-03,+226.669625E-03
+6.129600E-03,+414.876527E-03,+226.819422E-03
+6.136800E-03,+415.119931E-03,+226.983146E-03
+6.144000E-03,+415.373150E-03,+227.119987E-03
+6.151200E-03,+415.739239E-03,+227.196910E-03
+6.158400E-03,+416.194641E-03,+227.272537E-03
+6.165600E-03,+416.701079E-03,+227.348812E-03
+6.172800E-03,+417.349831E-03,+227.429297E-03
+6.180000E-03,+418.164451E-03,+227.559985E-03
+6.187200E-03,+418.831850E-03,+227.734721E-03
+6.194400E-03,+419.316696E-03,+227.866380E-03
+6.201600E-03,+419.690636E-03,+228.040954E-03
+6.208800E-03,+420.148983E-03,+228.249374E-03
+6.216000E-03,+420.664254E-03,+228.400305E-03
+6.223200E-03,+421.109842E-03,+228.486944E-03
+6.230400E-03,+421.637872E-03,+228.568563E-03
+6.237600E-03,+422.177681E-03,+228.716416E-03
+6.244800E-03,+422.664490E-03,+228.850667E-03
+6.252000E-03,+423.148354E-03,+228.987670E-03
+6.259200E-03,+423.575294E-03,+229.142325E-03
+6.266400E-03,+423.967882E-03,+229.415360E-03
+6.273600E-03,+424.339859E-03,+229.607262E-03
+6.280800E-03,+424.753058E-03,+229.777788E-03
+6.288000E-03,+425.281088E-03,+229.959325E-03
+6.295200E-03,+425.859174E-03,+230.041916E-03
+6.302400E-03,+426.578591E-03,+230.170498E-03
+6.309600E-03,+427.402045E-03,+230.290336E-03
+6.316800E-03,+428.144036E-03,+230.448068E-03
+6.324000E-03,+428.723103E-03,+230.627824E-03
+6.331200E-03,+429.145135E-03,+230.814706E-03
+6.338400E-03,+429.467057E-03,+231.054867E-03
+6.345600E-03,+429.830201E-03,+231.199157E-03
+6.352800E-03,+430.205123E-03,+231.382152E-03
+6.360000E-03,+430.569248E-03,+231.459561E-03
+6.367200E-03,+431.031520E-03,+231.536969E-03
+6.374400E-03,+431.526181E-03,+231.644013E-03
+6.381600E-03,+432.127822E-03,+231.762393E-03
+6.388800E-03,+432.765777E-03,+231.868790E-03
+6.396000E-03,+433.324234E-03,+232.016481E-03
+6.403200E-03,+433.756080E-03,+232.135185E-03
+6.410400E-03,+434.187927E-03,+232.341986E-03
+6.417600E-03,+434.661977E-03,+232.483685E-03
+6.424800E-03,+435.205711E-03,+232.583280E-03
+6.432000E-03,+435.855444E-03,+232.641255E-03
+6.439200E-03,+436.487511E-03,+232.700526E-03
+6.446400E-03,+437.099948E-03,+232.794453E-03
+6.453600E-03,+437.686867E-03,+232.913481E-03
+6.460800E-03,+438.102029E-03,+233.085788E-03
+6.468000E-03,+438.358192E-03,+233.224087E-03
+6.475200E-03,+438.630060E-03,+233.409187E-03
+6.482400E-03,+438.892112E-03,+233.558498E-03
+6.489600E-03,+439.179683E-03,+233.626352E-03
+6.496800E-03,+439.533012E-03,+233.709914E-03
+6.504000E-03,+439.958970E-03,+233.851614E-03
+6.511200E-03,+440.479149E-03,+233.898253E-03
+6.518400E-03,+441.134771E-03,+234.109750E-03
+6.525600E-03,+441.876762E-03,+234.159143E-03
+6.532800E-03,+442.440126E-03,+234.318008E-03
+6.540000E-03,+442.934786E-03,+234.515578E-03
+6.547200E-03,+443.335226E-03,+234.653229E-03
+6.554400E-03,+443.848535E-03,+234.837520E-03
+6.561600E-03,+444.345158E-03,+234.886589E-03
+6.568800E-03,+444.850615E-03,+235.025373E-03
+6.576000E-03,+445.475812E-03,+235.041568E-03
+6.583200E-03,+446.072545E-03,+235.203510E-03
+6.590400E-03,+446.596650E-03,+235.294198E-03
+6.597600E-03,+447.111922E-03,+235.405129E-03
+6.604800E-03,+447.502547E-03,+235.533387E-03
+6.612000E-03,+447.900042E-03,+235.691767E-03
+6.619200E-03,+448.302445E-03,+235.821159E-03
+6.626400E-03,+448.776495E-03,+235.956705E-03
+6.633600E-03,+449.338877E-03,+236.003668E-03
+6.640800E-03,+449.992536E-03,+236.036704E-03
+6.648000E-03,+450.761027E-03,+236.162858E-03
+6.655200E-03,+451.559943E-03,+236.264881E-03
+6.662400E-03,+452.296046E-03,+236.374516E-03
+6.669600E-03,+452.818188E-03,+236.525933E-03
+6.676800E-03,+453.181331E-03,+236.717025E-03
+6.684000E-03,+453.553309E-03,+236.866012E-03
+6.691200E-03,+453.972396E-03,+236.990708E-03
+6.698400E-03,+454.369891E-03,+237.061477E-03
+6.705600E-03,+454.783090E-03,+237.102934E-03
+6.712800E-03,+455.306214E-03,+237.175646E-03
+6.720000E-03,+455.845041E-03,+237.280585E-03
+6.727200E-03,+456.468274E-03,+237.413054E-03
+6.734400E-03,+456.981583E-03,+237.529652E-03
+6.741600E-03,+457.476243E-03,+237.691919E-03
+6.748800E-03,+457.787369E-03,+237.843497E-03
+6.756000E-03,+458.220198E-03,+238.019529E-03
+6.763200E-03,+458.729580E-03,+238.063577E-03
+6.770400E-03,+459.235037E-03,+238.128678E-03
+6.777600E-03,+459.802327E-03,+238.162686E-03
+6.784800E-03,+460.469726E-03,+238.277503E-03
+6.792000E-03,+461.074312E-03,+238.365600E-03
+6.799200E-03,+461.619028E-03,+238.508271E-03
+6.806400E-03,+461.986097E-03,+238.608028E-03
+6.813600E-03,+462.353167E-03,+238.768837E-03
+6.820800E-03,+462.667237E-03,+238.936933E-03
+6.828000E-03,+463.041177E-03,+239.052560E-03
+6.835200E-03,+463.457321E-03,+239.138228E-03
+6.842400E-03,+463.930389E-03,+239.188268E-03
+6.849600E-03,+464.455475E-03,+239.272154E-03
+6.856800E-03,+465.073801E-03,+239.335150E-03
+6.864000E-03,+465.801071E-03,+239.427943E-03
+6.871200E-03,+466.442952E-03,+239.570938E-03
+6.878400E-03,+466.885595E-03,+239.683650E-03
+6.885600E-03,+467.306645E-03,+239.815147E-03
+6.892800E-03,+467.738492E-03,+239.941786E-03
+6.900000E-03,+468.201746E-03,+240.021948E-03
+6.907200E-03,+468.665000E-03,+240.058871E-03
+6.914400E-03,+469.188123E-03,+240.153445E-03
+6.921600E-03,+469.700450E-03,+240.188911E-03
+6.928800E-03,+470.287369E-03,+240.348424E-03
+6.936000E-03,+470.780067E-03,+240.455792E-03
+6.943200E-03,+471.144192E-03,+240.563808E-03
+6.950400E-03,+471.466115E-03,+240.685264E-03
+6.957600E-03,+471.806685E-03,+240.810446E-03
+6.964800E-03,+472.161977E-03,+240.887531E-03
+6.972000E-03,+472.583027E-03,+240.991984E-03
+6.979200E-03,+473.114002E-03,+241.029230E-03
+6.986400E-03,+473.749013E-03,+241.089311E-03
+6.993600E-03,+474.494930E-03,+241.182752E-03
+7.000800E-03,+475.272255E-03,+241.291577E-03
+7.008000E-03,+475.909229E-03,+241.355059E-03
+7.015200E-03,+476.404871E-03,+241.547446E-03
+7.022400E-03,+476.799422E-03,+241.692061E-03
+7.029600E-03,+477.237157E-03,+241.873275E-03
+7.036800E-03,+477.725929E-03,+241.926878E-03
+7.044000E-03,+478.251997E-03,+242.031331E-03
+7.051200E-03,+478.809472E-03,+242.043476E-03
+7.058400E-03,+479.452335E-03,+242.114083E-03
+7.065600E-03,+480.132493E-03,+242.232301E-03
+7.072800E-03,+480.834244E-03,+242.338212E-03
